kluster_id,uuidadrpl,nodnamn,kommun,desokod,antal_deso_traf,befolkning_2024,befolkning_65_plus_2024,andel_65_plus_2024,kommunkod,area_km2,befolkning_per_km2_2024,antal_servicenoder
5241,93d67340-1c95-440a-bd39-1e156b22f648,Avesta ICA Kvantum,Avesta,2084C1060,1,2324,672,0.2891566265060241,2084,3.855,602.842,7
4950,8b644e1c-60e6-4fe6-9e1c-944c8bb01abc,Avesta Willys (Ute),Avesta,2084C1060,1,2324,672,0.2891566265060241,2084,3.855,602.842,7
6500,b910f277-fbe8-40d0-8f56-a8168a184dce,Direkten Avesta,Avesta,2084C1060,1,2324,672,0.2891566265060241,2084,3.855,602.842,7
1470,28421e8f-cbe7-409a-973b-ad089cb5bd0c,H&M Avesta,Avesta,2084C1060,1,2324,672,0.2891566265060241,2084,3.855,602.842,7
913,19663ade-ffdf-4b90-8d95-3d2285d58449,Hemköp Avesta,Avesta,2084C1040,1,2010,541,0.2691542288557214,2084,4.297,467.821,2
429,0c1fb25e-44bf-4935-865e-74f0392a1757,Hemköp Skogsbo,Avesta,2084C1090,1,2472,686,0.27750809061488674,2084,10.716,230.687,1
1232,21a6b336-fa46-4ba2-b864-20f53d0d1cb5,Ica Kvantum Avesta,Avesta,2084C1060,1,2324,672,0.2891566265060241,2084,3.855,602.842,7
5243,93db43ea-d605-4d31-a124-1fd60f6bda33,Lekextra Avesta                    ,Avesta,2084C1060,1,2324,672,0.2891566265060241,2084,3.855,602.842,7
1966,35c11892-aec9-46f1-a681-cc380ae04244,Paketbox Lidl Avesta,Avesta,2084C1040,1,2010,541,0.2691542288557214,2084,4.297,467.821,2
5996,aa86b149-7e46-4470-b116-b2ca5977b192,Paketskåp (Iboxen) Arvidsgatan     ,Avesta,2084C1070,1,1809,356,0.19679380873410723,2084,4.571,395.789,1
7678,dbe19b39-1af3-420e-a4b6-cc9c5dbb77f3,Postnord Avesta,Avesta,2084C1060,1,2324,672,0.2891566265060241,2084,3.855,602.842,7
8441,f1f17d31-d156-4b5a-8753-04761f42d6ed,ICA Nära Fors,Avesta,2084A0020,1,1978,598,0.3023255813953488,2084,162.805,12.15,1
1766,2fe8894b-93f0-44e0-a319-50744c804c7f,Horndal ICA,Avesta,2084B2010,1,1081,371,0.34320074005550416,2084,11.046,97.868,1
8901,fe565273-1b50-4cbe-9d7b-68a2d2ec33d2,Karlbo OKQ8,Avesta,2084C1030,1,2064,480,0.23255813953488372,2084,13.635,151.375,1
2884,4ff6a6c6-f680-4b86-a9dc-91cc0dddce0f,Krylbo Coop,Avesta,2084C1020,1,1245,332,0.26666666666666666,2084,2.091,595.367,1
7318,d1424d9d-545d-4aa0-8874-22c3bb8ecd04,Borlänge Direkten,Borlänge,2081C1070,1,2046,336,0.16422287390029325,2081,0.777,2633.538,3
5862,a6d6cb27-14e9-410b-9c2e-a0f56afc19f1,Borlänge ICA Maxi,Borlänge,2081C1090,1,1928,345,0.17894190871369295,2081,1.349,1429.477,2
2295,3ee78753-7e44-4ec7-a604-9cf595c225cd,Borlänge Tempo,Borlänge,2081C1100,1,2052,476,0.23196881091617932,2081,0.893,2298.443,7
2277,3e751831-d375-4e53-922b-19ac0e0b4eff,Bygatan OKQ8,Borlänge,2081C1080,1,2350,441,0.1876595744680851,2081,1.578,1488.926,4
4505,7e130053-7397-44ec-95be-afa2328f6d5e,Coop Forssa,Borlänge,2081C1160,1,1619,506,0.3125386040765905,2081,2.125,762.033,1
7781,de711152-6534-4032-a023-84e70f3f78dc,Dhl Borlänge                       ,Borlänge,2081C1060,1,2079,424,0.20394420394420396,2081,10.668,194.883,2
368,0a32687b-72ff-4c84-81e9-cc3050c65c45,Film & Fabel,Borlänge,2081C1120,1,1804,331,0.1834811529933481,2081,1.026,1757.899,1
1391,261a25a3-701f-47fe-aad9-6aca3d9b9eee,Hagalund Livs,Borlänge,2081C1130,1,1573,518,0.3293070565797839,2081,0.499,3153.232,1
5944,a9260cec-0c3f-4deb-8d13-81a45ad91af4,Hemköps Spelbutik,Borlänge,2081C1050,1,1840,557,0.3027173913043478,2081,2.826,651.008,4
5090,8fb346fc-617e-4ee8-9e74-ead003186d3e,ICA Kvarnen (Ute),Borlänge,2081C1230,1,1679,423,0.2519356759976176,2081,3.494,480.565,1
8940,ff890499-1fd7-43b0-9051-d8d50fee34da,Ica Nära Domnarvet,Borlänge,2081C1210,1,2386,370,0.1550712489522213,2081,4.449,536.265,1
587,101bb93a-dd03-4f7c-9e3d-84fd3ea6ad21,Ica Trumpeten,Borlänge,2081C1180,1,2276,378,0.16608084358523725,2081,0.605,3761.986,3
3293,5b7a7cc9-e14a-41ec-90b7-78b323ab663d,Kupolen Köpcentrum,Borlänge,2081C1100,1,2052,476,0.23196881091617932,2081,0.893,2298.443,7
7882,e0f18389-221c-4bd2-8d1b-fc943d4bd74d,Liljan Livs,Borlänge,2081C1080,1,2350,441,0.1876595744680851,2081,1.578,1488.926,4
4320,792d4955-cd10-4c1b-a2ca-c1db731cbab5,Norra Backa Stora Coop,Borlänge,2081C1100,1,2052,476,0.23196881091617932,2081,0.893,2298.443,7
8886,fddca272-5b56-4645-b903-eb9619be8fbf,Ornäs ICA Nära,Borlänge,2081B2010,1,1095,263,0.2401826484018265,2081,6.918,158.285,1
4609,814cec11-5b52-472e-8f2d-bd1acbb5a897,Paketbox Allfarvägen,Borlänge,2081C1150,1,1941,268,0.13807315816589386,2081,0.706,2748.231,3
8263,ebe113c4-9ba4-400c-b24b-0da3cca2bd89,Paketbox Bondegatan,Borlänge,2081C1180,1,2276,378,0.16608084358523725,2081,0.605,3761.986,3
8121,e82b3572-7790-4de6-8e87-c7c1d255336e,Paketbox Bullermyren Allfarvägen,Borlänge,2081C1180,1,2276,378,0.16608084358523725,2081,0.605,3761.986,3
5751,a3846922-2a1f-4beb-903b-28763150bb64,Paketbox Engelbrektsgatan 22,Borlänge,2081C1100,1,2052,476,0.23196881091617932,2081,0.893,2298.443,7
4623,81c19592-b5c3-48f4-b5f2-97429a9eb238,Paketbox Gylle Örjansgården,Borlänge,2081C1050,1,1840,557,0.3027173913043478,2081,2.826,651.008,4
6770,c1a8f186-bb00-4757-9066-3de0b98451bd,Paketbox Hästhovsgatan,Borlänge,2081C1190,1,1767,389,0.22014714204867006,2081,1.071,1649.677,1
3656,65e6b6f9-24ce-45de-93b1-fabf85dda806,Paketbox Karlsgårdsgatan,Borlänge,2081C1050,1,1840,557,0.3027173913043478,2081,2.826,651.008,4
2996,533792cd-5f2c-4731-8993-1b6986fbf01e,Paketbox Klöverstigen,Borlänge,2081C1140,1,2459,237,0.09638064253761691,2081,0.331,7427.186,1
6904,c55fa621-e1b5-42ca-913f-1ef134520e47,Paketbox Kvarnsveden Sveaborgsgatan,Borlänge,2081C1200,1,1816,432,0.23788546255506607,2081,1.287,1411.173,1
5255,94498564-362c-41f8-b21f-b5f9fc385265,Paketbox Lidl Kupolen I Borlänge,Borlänge,2081C1100,1,2052,476,0.23196881091617932,2081,0.893,2298.443,7
1826,31488eea-1af3-4a2c-ba96-93c293c12240,Paketbox Nygårdsdalen Stånggatan,Borlänge,2081C1070,1,2046,336,0.16422287390029325,2081,0.777,2633.538,3
5146,913f1920-768b-45aa-9407-050635260eaa,Paketbox Nävgatan 1,Borlänge,2081C1150,1,1941,268,0.13807315816589386,2081,0.706,2748.231,3
1792,3093127c-76a3-451e-9524-61848ec0a8d2,Paketbox Sahlstedtsgatan,Borlänge,2081C1090,1,1928,345,0.17894190871369295,2081,1.349,1429.477,2
4730,850faee7-658e-4ca6-85cc-61499dce7ea2,Paketbox Skräddarbacken Gös Eriks Väg,Borlänge,2081C1040,1,1967,346,0.1759023894255211,2081,2.885,681.901,1
4043,71176ed1-5979-4828-a4e8-8f48a0211e14,Paketbox Skäddarbacken Kalles Väg,Borlänge,2081C1060,1,2079,424,0.20394420394420396,2081,10.668,194.883,2
2652,49a32334-e77a-4509-a3cd-9e24263afb48,Paketbox Stånggatan,Borlänge,2081C1070,1,2046,336,0.16422287390029325,2081,0.777,2633.538,3
4153,742578d8-e281-44e9-ab41-8517d15c4ffa,Paketbox Willys Stora Tuna,Borlänge,2081C1030,1,2109,495,0.23470839260312945,2081,4.797,439.694,1
987,1b570a04-172b-447f-985d-b4d90812f457,Paketbox Åselby Gamla Landsvägen,Borlänge,2081C1020,1,1547,332,0.21460892049127342,2081,3.401,454.846,1
3314,5c5900c1-19fe-4b68-af82-ce21c2db2b26,Paketbox Östermalm Ingebjörnsgatan,Borlänge,2081C1080,1,2350,441,0.1876595744680851,2081,1.578,1488.926,4
2712,4b218915-0c07-48d0-8bf3-032ba6d83445,Paketskåp (Iboxen) Bondegatan      ,Borlänge,2081C1150,1,1941,268,0.13807315816589386,2081,0.706,2748.231,3
366,0a290b37-004d-48a3-a77c-cedfc6598dfc,Paketskåp (Iboxen) Stationsgatan   ,Borlänge,2081C1080,1,2350,441,0.1876595744680851,2081,1.578,1488.926,4
3345,5d4039e1-de32-49c3-9c6e-48685b910184,Postnord Borlänge,Borlänge,2081C1050,1,1840,557,0.3027173913043478,2081,2.826,651.008,4
8368,ef29676f-4882-4b80-8fba-2a0518d7ad16,Schenker Borlänge,Borlänge,2081C1110,1,1839,485,0.26373028820010874,2081,10.525,174.726,1
2622,48e3d8cc-ce09-4abb-8e9d-88acf0676205,Sellnäs ICA Nära,Borlänge,2081A0020,1,2477,677,0.2733144933387162,2081,415.816,5.957,1
2044,3818ca49-63d8-44f6-9383-8421d6043bfb,Tuna Kiosken HB,Borlänge,2081C1010,1,1821,490,0.26908292147171886,2081,16.106,113.064,1
4888,898b84af-5d81-4a0a-b264-7b059e6e6d98,Willys Borlänge,Borlänge,2081C1100,1,2052,476,0.23196881091617932,2081,0.893,2298.443,7
6776,c1d37fbb-2bcf-40ee-9a6f-adcc5928356e,Willys Borlänge Kupolen,Borlänge,2081C1100,1,2052,476,0.23196881091617932,2081,0.893,2298.443,7
553,0f84cc34-4ef8-4bc5-be56-7d8e99ac7dea,Bjursås Frendo,Falun,2080B2010,1,1090,283,0.25963302752293577,2080,8.653,125.962,2
6882,c4effc9c-59d1-484e-b804-7bf3843d0996,Coop Konsum Bjursås,Falun,2080B2010,1,1090,283,0.25963302752293577,2080,8.653,125.962,2
5919,a85f2dc7-b178-49e3-80bd-86457bf05e10,Enviken Tempo,Falun,2080B4010,1,1891,536,0.2834479111581174,2080,38.224,49.472,3
630,1196ddfd-2ecc-4009-9db6-b432e45e26a7,Gulf Enviken,Falun,2080B4010,1,1891,536,0.2834479111581174,2080,38.224,49.472,3
6221,b01facb9-995a-4f1b-9e81-b42e3a1ee40b,Bergströms Galleria,Falun,2080C1150,1,1079,289,0.267840593141798,2080,0.306,3528.014,3
7084,ca30730d-f642-4afb-a7c7-f2676a71ccac,Bojsenburg Lidl,Falun,2080C1260,1,2423,462,0.19067271976888156,2080,12.939,187.264,2
7897,e153f837-2ca9-4cb5-bacd-faffdb224426,Circle K Falun Herrhagen           ,Falun,2080C1210,1,1739,401,0.23059229442208165,2080,0.547,3176.852,2
4461,7cacb2cf-795e-4369-939c-acb729328912,City Gross Falun,Falun,2080C1050,1,1275,256,0.2007843137254902,2080,5.688,224.154,2
4727,84f13726-e5a1-4bfa-9de4-713977962024,Coop Kvarnberget,Falun,2080C1060,1,2071,493,0.2380492515692902,2080,1.223,1693.952,1
6597,bc5ae96d-0bc8-48fd-871a-610710b474ce,Direkten Falun,Falun,2080C1140,1,1369,458,0.3345507669831994,2080,1.303,1050.301,4
5803,a50df6f5-dda1-408a-8e52-dbadcea2659a,Falun C Hemköp,Falun,2080C1150,1,1079,289,0.267840593141798,2080,0.306,3528.014,3
912,1961c06c-cc6b-45b9-80fa-2305cd71dddf,Falun City Gross,Falun,2080C1050,1,1275,256,0.2007843137254902,2080,5.688,224.154,2
1009,1bd45ecd-ec11-4a7d-80d2-bb3dd4a8858b,Falun Hosjö Hemköp,Falun,2080C1020,1,1478,343,0.23207036535859268,2080,5.745,257.255,1
784,158fd139-f1b0-4aa6-b142-b6015fb48f88,Falun ICA Maxi,Falun,2080C1140,1,1369,458,0.3345507669831994,2080,1.303,1050.301,4
6671,be7b1e29-1b1f-4742-b5b4-5dd323a7fa59,Falun NetonNet,Falun,2080C1140,1,1369,458,0.3345507669831994,2080,1.303,1050.301,4
2626,4908cbc5-83e4-451d-b9a8-1d892e71a755,Falun Stora Coop,Falun,2080C1130,1,1655,539,0.3256797583081571,2080,0.481,3443.422,3
163,0482bf33-0015-4435-a547-381009130248,Falun Vika Nära,Falun,2080A0010,1,1834,416,0.2268266085059978,2080,138.826,13.211,1
3518,621d7fb7-e01a-4b51-9a1f-7d5850bb4e2e,Granngården Falun                  ,Falun,2080C1080,1,1778,367,0.2064116985376828,2080,1.536,1157.662,1
7417,d3fef9ad-bc9d-4d39-88eb-547b984bb1bc,Gruvgatan OKQ8,Falun,2080C1130,1,1655,539,0.3256797583081571,2080,0.481,3443.422,3
1869,32af47a4-f2bb-49bb-a7e3-79dfb1616824,ICA Falan,Falun,2080C1150,1,1079,289,0.267840593141798,2080,0.306,3528.014,3
7974,e38d3905-eb84-4859-a0bf-2cac5e627a43,PAKETSKÅP (IBOXEN) 27 VALLAVÄGEN   ,Falun,2080C1090,1,1607,390,0.24268823895457373,2080,0.984,1633.424,1
7112,caf805ea-3da3-4229-9238-5e4b603513d6,Paketbox Bataljonsvägen,Falun,2080C1140,1,1369,458,0.3345507669831994,2080,1.303,1050.301,4
8280,ec4ac137-e9f1-4d44-9a60-baa3b28457bf,Paketbox Galgbergets Pizzeria,Falun,2080C1030,1,2908,273,0.09387895460797799,2080,2.023,1437.137,1
6452,b78990f8-21d0-4baa-93bb-ad728fa1fcca,Paketbox Herrhagsvägen,Falun,2080C1210,1,1739,401,0.23059229442208165,2080,0.547,3176.852,2
2824,4e2df502-6053-417e-8a3d-1afd2ce004bd,Paketbox Hälsinggården Flädervägen,Falun,2080C1040,1,2552,668,0.2617554858934169,2080,2.917,874.751,2
7002,c7eca87d-d80f-43e8-aa7c-e2cced536ef6,Paketskåp (Iboxen) Magasinsgatan   ,Falun,2080C1160,1,1149,324,0.2819843342036554,2080,0.22,5213.278,1
763,15004ae7-3678-45c0-9829-b423b1228c56,Paketskåp (Iboxen) Sturegatan      ,Falun,2080C1130,1,1655,539,0.3256797583081571,2080,0.481,3443.422,3
3368,5de63906-cea9-4bd5-bcac-cc549ea4df02,Postnord Falun,Falun,2080C1120,1,1608,440,0.2736318407960199,2080,7.641,210.434,1
3576,63ed5191-6411-4cf0-a7ec-64e1cd980f17,Slätta ICA,Falun,2080C1230,1,1178,230,0.19524617996604415,2080,0.398,2961.226,1
3894,6ce20730-a716-4d2d-9f1a-62ce24e01dc5,Tryckerivägen OKQ8,Falun,2080C1040,1,2552,668,0.2617554858934169,2080,2.917,874.751,2
547,0f6bf6cf-aa8e-408f-a717-ba11f01ceaf0,Willys Falun Svalan,Falun,2080C1260,1,2423,462,0.19067271976888156,2080,12.939,187.264,2
3212,59573391-4bbb-4a28-bc45-bddcbefc1c6e,Coop Konsum Grycksbo,Falun,2080B5010,1,1907,480,0.2517042475091767,2080,13.316,143.213,1
7799,deea1743-b539-4cc1-b68d-ca3408202a04,Linghed Tempo,Falun,2080B4010,1,1891,536,0.2834479111581174,2080,38.224,49.472,3
8081,e706b014-361a-406c-afe7-99736f453d38,Coop Sundborn,Falun,2080A0030,1,1797,464,0.2582081246521981,2080,118.205,15.202,2
8455,f2606a3b-7db3-48ed-87d6-239522c121fb,Sundborn Coop,Falun,2080A0030,1,1797,464,0.2582081246521981,2080,118.205,15.202,2
2808,4dd1748d-6980-44f7-81e0-1f9d8c4fd8ea,Ica Supermarket Svärdsjö,Falun,2080B3010,1,2020,603,0.2985148514851485,2080,22.377,90.27,3
7576,d8e48c10-3796-4adb-a6a8-8f971ba9fe72,Svärdsjö Gottboden,Falun,2080B3010,1,2020,603,0.2985148514851485,2080,22.377,90.27,3
2741,4c32264e-7903-451e-883e-63388ae9506b,Svärdsjö ICA,Falun,2080B3010,1,2020,603,0.2985148514851485,2080,22.377,90.27,3
3013,53c91e4e-c742-4c33-b2a2-99d59ebc0c97,Frendo Sågmyra,Falun,2080A0050,1,1563,428,0.27383237364043506,2080,145.496,10.743,1
840,17184358-ff04-44cd-8665-c3b493295b72,Björbo Tempo,Gagnef,2026A0010,1,1703,542,0.3182618907809748,2026,397.753,4.282,2
5619,9f43226c-4466-4cde-a3f7-e4a391893789,ICA Nära Dala-Floda,Gagnef,2026A0010,1,1703,542,0.3182618907809748,2026,397.753,4.282,2
2422,42bda3aa-e0d7-41ea-b018-ced060d6366e,Djurås Coop,Gagnef,2026C1020,1,1525,492,0.3226229508196721,2026,8.097,188.344,3
5971,a9db0a2a-6a3b-406a-9655-db21f693a54c,Djurås ICA,Gagnef,2026C1020,1,1525,492,0.3226229508196721,2026,8.097,188.344,3
1118,1e9a151b-7004-4a30-b5de-c795c51d4742,OK/Q8 Djurås,Gagnef,2026C1020,1,1525,492,0.3226229508196721,2026,8.097,188.344,3
8649,f7c8c3ef-6a6e-4a05-b8d4-b57384141d5b,Ica Nära Gagnefshallen,Gagnef,2026B3010,1,1485,395,0.265993265993266,2026,16.731,88.756,2
5812,a541a25f-eefd-4c3a-a066-2e816888aa77,Paketskåp (Iboxen) Gröntuv         ,Gagnef,2026B3010,1,1485,395,0.265993265993266,2026,16.731,88.756,2
6680,bec9b248-9903-4ab8-8dae-830379a51f59,ICA Nära Mockfjärd,Gagnef,2026B2010,1,2016,500,0.24801587301587302,2026,14.273,141.244,2
672,12abdece-ad89-4cf6-8d35-fd6ed1be45cb,Ica Nära Mockfjärd (I)             ,Gagnef,2026B2010,1,2016,500,0.24801587301587302,2026,14.273,141.244,2
3350,5d63ceb4-56db-4565-a1a8-0c3267069b94,Handlarn Smedby,Hedemora,2083A0050,1,1621,488,0.30104873534855026,2083,413.197,3.923,2
7145,cbf174d6-965c-4057-b814-00507ee96130,Garpens Livs Restaurang &Pizze,Hedemora,2083A0030,1,940,251,0.2670212765957447,2083,142.845,6.581,1
5718,a2392eb4-3a48-4d94-8d21-b32fb87ae339,Hedemora Centrumgallerian,Hedemora,2083C1020,1,2052,642,0.3128654970760234,2083,4.298,477.377,2
2711,4b0fd97a-29cc-45fb-8293-97ae09a16686,Hedemora Hemköp,Hedemora,2083C1040,1,1748,527,0.301487414187643,2083,4.345,402.341,3
4438,7c15c2d5-dd4c-4f52-97dd-1bda3265947c,Hedemora ICA,Hedemora,2083C1020,1,2052,642,0.3128654970760234,2083,4.298,477.377,2
3180,585b6f61-76d9-4831-acc9-c1350db26549,Okq8 Hedemora,Hedemora,2083C1040,1,1748,527,0.301487414187643,2083,4.345,402.341,3
4633,821747f7-6117-4db1-89bb-e927eefd65c2,Paketbox Lidl Hedemora,Hedemora,2083C1040,1,1748,527,0.301487414187643,2083,4.345,402.341,3
4464,7cb6881d-c31f-4843-9f48-3b55ae02b40f,Folkets Hus Långshyttan,Hedemora,2083B2010,1,1498,527,0.35180240320427236,2083,9.796,152.918,2
1996,36fbc03b-5b92-4638-9241-a1ca32f224da,Långhyttan ICA,Hedemora,2083B2010,1,1498,527,0.35180240320427236,2083,9.796,152.918,2
1436,2739acb1-974c-4fc1-8dda-f7bf773dbe63,Stjärnsundskiosken,Hedemora,2083A0050,1,1621,488,0.30104873534855026,2083,413.197,3.923,2
5621,9f56c843-e23d-4d85-810c-8dda293283f9,Hjultorget Hemköp,Leksand,2029C1010,1,1110,228,0.20540540540540542,2029,2.861,387.997,2
6468,b843ef20-eada-4732-8e01-705a93ca2a57,Ica Nära Insjön                    ,Leksand,2029C1010,1,1110,228,0.20540540540540542,2029,2.861,387.997,2
5861,a6bd59e3-0696-4cb6-8d72-9f12efd78a59,Circle K Leksand,Leksand,2029C1050,1,2519,885,0.35132989281460897,2029,16.417,153.434,7
4424,7bad62f3-5f9c-4a79-b474-252110a894df,Coop Leksand,Leksand,2029C1050,1,2519,885,0.35132989281460897,2029,16.417,153.434,7
7590,d9625ece-586b-41fa-9688-a8ec3b2bb4f6,Leksand Coop,Leksand,2029C1050,1,2519,885,0.35132989281460897,2029,16.417,153.434,7
1181,2041063a-d18c-4e19-93d8-c5673960b484,Leksand Hemköp (A),Leksand,2029C1050,1,2519,885,0.35132989281460897,2029,16.417,153.434,7
7102,cac46885-9ad4-4bea-a9de-11b6dd47c9ed,Leksand ICA Supermarket,Leksand,2029C1050,1,2519,885,0.35132989281460897,2029,16.417,153.434,7
5627,9f99db01-e5c9-44d0-ae23-1b12636ea8d0,Leksand OKQ8,Leksand,2029C1050,1,2519,885,0.35132989281460897,2029,16.417,153.434,7
8760,fabed81e-6c66-42b0-bbd0-002d95930e21,OK/Q8 Leksand,Leksand,2029C1050,1,2519,885,0.35132989281460897,2029,16.417,153.434,7
7959,e330a5c2-39d8-437e-b78b-cf0e316afb48,Postnord Leksand,Leksand,2029C1040,1,2671,755,0.28266566828903034,2029,14.212,187.945,1
4607,813b2076-6e63-49fc-a105-5f3625e5408a,Siljansnäskiosken,Leksand,2029B2010,1,1631,570,0.3494788473329246,2029,24.788,65.798,2
1463,280d85a3-440e-4261-82ae-a53499899f98,Tempo Siljansnäs,Leksand,2029B2010,1,1631,570,0.3494788473329246,2029,24.788,65.798,2
5698,a1ae29bd-8a54-43df-b9ac-0bebe4531b1b,Tempo Tällberg,Leksand,2029C1070,1,1299,480,0.3695150115473441,2029,42.437,30.61,1
7714,dcc454fd-268a-4a28-8605-8b04d59a090b,Coop Nära Fredriksberg,Ludvika,2085A0020,1,696,254,0.3649425287356322,2085,603.23,1.154,2
7518,d71ac134-1a83-4b53-96d2-42e1fab32d65,Makken Fredriksberg                ,Ludvika,2085A0020,1,696,254,0.3649425287356322,2085,603.23,1.154,2
2370,4112349a-bfcd-4dd2-88c4-fc450ff955ee,ICA Torget (spelbutiken),Ludvika,2085B3020,1,1189,365,0.3069806560134567,2085,15.721,75.633,1
6676,be957b2f-c8d2-4d1a-a154-fafd6e2049b7,Grängesberg Coop,Ludvika,2085B2010,1,1536,412,0.2682291666666667,2085,7.583,202.567,3
3937,6e1024c1-323d-4295-a08a-05b299c43a2e,Grängesberg ICA,Ludvika,2085B2010,1,1536,412,0.2682291666666667,2085,7.583,202.567,3
8741,fa45a61d-d2f0-4dd7-8303-cf3c658d4436,S Karléns Båt & Maskin,Ludvika,2085B2010,1,1536,412,0.2682291666666667,2085,7.583,202.567,3
7217,ce3edf79-b908-4d64-8563-3c03d4e3e9f1,Circle K Ludvika,Ludvika,2085C1090,1,2351,570,0.24245002126754572,2085,6.578,357.401,2
1611,2be9ccc1-5e0f-4554-b5d1-649fa1293960,Ludvika Gård Coop,Ludvika,2085C1030,1,2051,400,0.19502681618722575,2085,1.657,1237.899,2
6040,ab933a30-99ea-463c-a6d4-fdb7fcb2cf69,Ludvika ICA Kvantum,Ludvika,2085C1060,1,1767,536,0.30333899264289754,2085,0.508,3475.075,1
2812,4de52413-00da-4a25-a1e5-5b5f2a9594a2,Ludvika Stora Coop (A),Ludvika,2085C1010,1,1695,441,0.26017699115044246,2085,10.299,164.582,3
7956,e2fa48ef-8348-4702-8e9a-154f50e70a3e,Lyviksberget Willys,Ludvika,2085C1010,1,1695,441,0.26017699115044246,2085,10.299,164.582,3
3952,6e8f64e1-d739-4b9c-b582-ded28c473f44,Marnäs Willys Hemma,Ludvika,2085C1070,1,1131,395,0.34924845269672855,2085,0.563,2008.574,1
2408,426c3c1d-f99e-4511-91cf-3960e4283946,OkQ8 Ludvika,Ludvika,2085C1010,1,1695,441,0.26017699115044246,2085,10.299,164.582,3
1273,22b7b598-70c0-49ec-8451-4f218c06345a,Paketbox Coop Ludvika Gård,Ludvika,2085C1030,1,2051,400,0.19502681618722575,2085,1.657,1237.899,2
6382,b57e5b7b-c404-4451-8135-c844d554d5c1,Paketbox Lidl Ludvika,Ludvika,2085C1090,1,2351,570,0.24245002126754572,2085,6.578,357.401,2
3603,648610b5-d67f-46c3-af9e-1e866456f699,Paketbox Okq8 Gamla Bangatan,Ludvika,2085C1080,1,1984,341,0.171875,2085,5.443,364.514,2
3409,5f1fa628-3b60-4c1c-b8a7-810b1b655a8a,Postnord Ludvika,Ludvika,2085C1080,1,1984,341,0.171875,2085,5.443,364.514,2
4978,8c074858-da68-4acb-94c3-eb27762c3c0d,Tanka,Ludvika,2085C1050,1,1412,236,0.1671388101983003,2085,2.026,696.967,1
7078,c9dcbdb7-4dfc-4d4d-862d-68bec1ae69b8,Coop Nära,Ludvika,2085B3010,1,799,296,0.3704630788485607,2085,15.535,51.432,1
456,0ce29c7d-574d-475a-8ead-8015740cb675,Coop Lima,Malung-Sälen,2023A0020,1,1562,462,0.29577464788732394,2023,1433.084,1.09,4
4009,70567a6b-b4af-4f7f-9c98-53724d67fbfb,Coop Lima,Malung-Sälen,2023A0020,1,1562,462,0.29577464788732394,2023,1433.084,1.09,4
4495,7dc85c6d-50cd-4e77-a844-a019780a94eb,Malung Hemköp,Malung-Sälen,2023C1030,1,1997,540,0.2704056084126189,2023,8.219,242.972,2
920,1991e324-1e32-484c-9f07-6a01b4db74bd,Malung ICA,Malung-Sälen,2023C1030,1,1997,540,0.2704056084126189,2023,8.219,242.972,2
66,01fff713-d1a2-43b4-8766-d040eed15e4c,Okq8 Malung                        ,Malung-Sälen,2023C1010,1,1592,513,0.3222361809045226,2023,9.212,172.814,1
5013,8ce1cce6-bace-4669-b9a1-abf4d923205d,24 FOOD Malungsfors,Malung-Sälen,2023A0010,1,1569,561,0.3575525812619503,2023,1811.815,0.866,1
720,140b488c-2de1-4433-8396-072e9bfd020e,Ica Nära Rörbäcksnäs,Malung-Sälen,2023A0020,1,1562,462,0.29577464788732394,2023,1433.084,1.09,4
1592,2b86450a-2f49-4508-a07c-7813f1366711,Coop Konsum Sälen,Malung-Sälen,2023A0030,1,2191,391,0.17845732542218165,2023,1060.416,2.066,4
575,0fea92ad-0b2c-40e5-ab5c-ca0e6e3a8e50,Sälen Coop,Malung-Sälen,2023A0030,1,2191,391,0.17845732542218165,2023,1060.416,2.066,4
7167,cca3dd06-52e2-40c1-a11d-f0a32529533c,Sälen ICA Nära,Malung-Sälen,2023A0030,1,2191,391,0.17845732542218165,2023,1060.416,2.066,4
7330,d19bb100-bb19-4643-89ff-dd410f3d800a,Tandådalen Hemköp,Malung-Sälen,2023A0020,1,1562,462,0.29577464788732394,2023,1433.084,1.09,4
5553,9d72412e-9ed4-4eba-ac61-0a0454d18268,Handlar'n,Malung-Sälen,2023A0030,1,2191,391,0.17845732542218165,2023,1060.416,2.066,4
6426,b6e00dd8-f203-4d88-8328-bf2b010bc539,Mora-Noret Willys,Mora,2062C1040,1,1256,331,0.2635350318471338,2062,3.446,364.489,3
1559,2a901ee4-e90d-43ad-8997-4e9375c4a981,Circle K Kristineberg,Mora,2062C1050,1,2199,685,0.31150522964984084,2062,3.019,728.346,9
8524,f4606f1f-7854-4338-9845-cab040fb002e,Circle K Tuvan,Mora,2062C1080,1,2334,618,0.2647814910025707,2062,18.992,122.892,1
6571,bb657e02-1bd2-4a5c-acb5-5b683bc0d9f7,Dhl Mora - Jale Ab                 ,Mora,2062C1050,1,2199,685,0.31150522964984084,2062,3.019,728.346,9
3973,6f177b90-4854-4a78-9df6-c4881ba85730,H&M Mora C,Mora,2062C1050,1,2199,685,0.31150522964984084,2062,3.019,728.346,9
5415,998af879-4b24-4e65-93a2-16d2a044441f,Ica Supermarket Mora               ,Mora,2062C1050,1,2199,685,0.31150522964984084,2062,3.019,728.346,9
6519,b9ab0819-b967-4e14-b3c4-2292b3b7803d,"Jale AB, Mora",Mora,2062C1050,1,2199,685,0.31150522964984084,2062,3.019,728.346,9
4509,7e4fa39e-30fe-4a7f-b366-c5ad3c493b3e,Kristineberg Circle K,Mora,2062C1050,1,2199,685,0.31150522964984084,2062,3.019,728.346,9
482,0d9a524b-8afd-43b0-a6ee-5f7fea480563,Mora Färg Och Interiör             ,Mora,2062C1040,1,1256,331,0.2635350318471338,2062,3.446,364.489,3
8251,eb80d3e2-c02c-42bb-a81f-2981880e1c57,Mora ICA Maxi (A),Mora,2062C1040,1,1256,331,0.2635350318471338,2062,3.446,364.489,3
7211,ce183f9e-450e-4d21-a6a6-8643f1ebb22c,Mora ICA Supermarket,Mora,2062C1050,1,2199,685,0.31150522964984084,2062,3.019,728.346,9
7006,c8015708-e722-4f8b-8ede-4357a8b999a3,Okq8 Mora Yvradsvägen,Mora,2062C1050,1,2199,685,0.31150522964984084,2062,3.019,728.346,9
5381,98658ae2-4240-4377-9728-b072b466aea6,Paketbox Ica Nära Siljan,Mora,2062C1020,1,2187,545,0.24919981710105166,2062,14.879,146.986,1
3282,5b3e3e0b-ff4d-4977-b3ea-26d39547892f,Postnord Mora,Mora,2062C1050,1,2199,685,0.31150522964984084,2062,3.019,728.346,9
5009,8cc9de97-afe4-4d48-b2a2-6b6f5c06202e,Coop Sollerön,Mora,2062A0010,1,1694,584,0.3447461629279811,2062,500.63,3.384,2
8488,f364fcfc-41c2-47ac-a75a-73646f560b4a,Coop Sollerön,Mora,2062A0010,1,1694,584,0.3447461629279811,2062,500.63,3.384,2
2109,39c0c91d-b50d-40e0-a3f7-332aff0954e9,Handlarn Venjan,Mora,2062A0030,1,1951,674,0.345463864684777,2062,2239.885,0.871,1
6845,c3de9921-d4e6-4488-ac33-51507fbf93ba,Handlar'N Våmhus,Mora,2062B2010,1,1305,349,0.2674329501915709,2062,16.242,80.346,1
999,1b92609d-529c-4fd2-b543-a39d69deda53,Circle K Orsa,Orsa,2034C1030,1,1776,466,0.26238738738738737,2034,4.664,380.811,3
2893,50564e9b-b43e-458a-81c2-fac00a079515,Orsa Coop,Orsa,2034C1020,1,1670,509,0.30479041916167665,2034,6.3,265.097,1
4947,8b35f675-d9d8-493a-b941-039922e4307c,Orsahallen ICA,Orsa,2034C1030,1,1776,466,0.26238738738738737,2034,4.664,380.811,3
6156,ae9cc9af-f25b-4611-8f15-e87ff9aa433c,Paketbox Willys Hemma Orsa,Orsa,2034C1030,1,1776,466,0.26238738738738737,2034,4.664,380.811,3
928,19b59d08-16ae-482b-aca0-b6d67789db37,Tempo Skattungbyn,Orsa,2034A0010,1,1280,394,0.3078125,2034,1763.209,0.726,1
6699,bf3cecb5-bfe9-4caf-aafb-386739dbbf46,Handlarn Boda kyrkby,Rättvik,2031A0010,1,2659,877,0.32982324182023315,2031,1126.542,2.36,2
7914,e1bccca6-dc40-47a5-b18d-13a4264edf85,Bingsjö Lanthandel,Rättvik,2031A0010,1,2659,877,0.32982324182023315,2031,1126.542,2.36,2
373,0a770e91-f8ef-48cf-9a34-b709273137ef,Dalfors Lanthandel,Rättvik,2031A0020,1,1077,386,0.3584029712163417,2031,970.722,1.109,2
5729,a2c2c729-dfc3-4999-8b87-2cfa27ebca40,Furudal Tempo,Rättvik,2031A0020,1,1077,386,0.3584029712163417,2031,970.722,1.109,2
8518,f4360fa0-7613-4f2a-b7da-96a6a9d7017f,Direkten Wasakiosken,Rättvik,2031C1020,1,1896,775,0.40875527426160335,2031,6.672,284.184,5
3364,5dcc40cf-8a0a-4b0d-8804-70f285d8b5c0,Ica Supermarket Fiolen,Rättvik,2031C1020,1,1896,775,0.40875527426160335,2031,6.672,284.184,5
7665,db739a5a-9037-4e21-854d-6a131b4483b2,OK/Q8 Rättvik,Rättvik,2031C1020,1,1896,775,0.40875527426160335,2031,6.672,284.184,5
6177,af096e01-9375-47c1-98ec-e2a59d8b5f3f,Paketbox Circle K Rättvik,Rättvik,2031C1030,1,1820,573,0.3148351648351648,2031,15.482,117.559,2
2916,50eb2251-ad0e-4d64-9000-480f26d1e3b0,Paketskåp (Iboxen) Faluvägen       ,Rättvik,2031C1010,1,2207,715,0.32396918894426824,2031,21.377,103.241,1
4486,7d7655e3-a6ab-478c-b642-cc3bf3077c1f,Rättvik Circle K,Rättvik,2031C1030,1,1820,573,0.3148351648351648,2031,15.482,117.559,2
8362,eeedb024-4243-460c-b175-5852b1946742,Rättvik Coop,Rättvik,2031C1020,1,1896,775,0.40875527426160335,2031,6.672,284.184,5
647,11ffb794-4126-450e-ab15-7f79da5f4a7b,Rättvik Hemköp,Rättvik,2031C1020,1,1896,775,0.40875527426160335,2031,6.672,284.184,5
6773,c1c6259f-ee8a-4ec0-a70d-8a15fe5b1c11,Vikarbyn Tempo,Rättvik,2031C1040,1,1339,440,0.3286034353995519,2031,15.109,88.62,1
6579,bbb60b50-67fd-451a-94df-1e7a7e342fe8,Ica Supermarket Smedjebacken,Smedjebacken,2061C1010,1,1494,388,0.2597054886211513,2061,7.289,204.954,5
2679,4a65277e-d295-43c9-8986-edb60bee52de,Okq8 Smedjebacken                  ,Smedjebacken,2061C1010,1,1494,388,0.2597054886211513,2061,7.289,204.954,5
5273,94c2b635-3aa0-4a06-8f00-f0f21ccf8d12,Paketbox Macken I Smebacken,Smedjebacken,2061C1010,1,1494,388,0.2597054886211513,2061,7.289,204.954,5
2281,3e89aeef-7773-4518-8998-f83a9925aeb0,Smedjebacken Coop,Smedjebacken,2061C1010,1,1494,388,0.2597054886211513,2061,7.289,204.954,5
7126,cb5c491e-b4d9-45a2-853a-4345e4146653,Smedjebacken OKQ8,Smedjebacken,2061C1010,1,1494,388,0.2597054886211513,2061,7.289,204.954,5
3169,581648fd-9ee1-4618-ba73-f3dcb2689c80,ICA Bärkehallen,Smedjebacken,2061B2010,1,1096,385,0.3512773722627737,2061,16.722,65.541,2
159,04737cfe-1c9b-49de-9fa7-34cd2721059f,Ica nära Bärkehallen,Smedjebacken,2061B2010,1,1096,385,0.3512773722627737,2061,16.722,65.541,2
930,19bc38c7-657c-4570-acb4-5ab7467a456b,Gustafs ICA Nära,Säter,2082B2020,1,1104,302,0.27355072463768115,2082,7.715,143.093,1
5757,a399dee1-d049-4d47-89ca-6a1bf4d2989f,Tempo Stora Skedvi,Säter,2082A0030,1,2235,625,0.2796420581655481,2082,218.145,10.245,1
1275,22c5750c-b63a-4a18-93e3-babfed75cba1,Coop Säter,Säter,2082C1010,1,1816,575,0.31662995594713655,2082,0.79,2298.411,3
7229,ce88bcc7-b311-432f-bf22-8147f8598c1f,Macken I Säter Frendo              ,Säter,2082C1030,1,1672,462,0.27631578947368424,2082,5.934,281.777,1
4249,7705b0d3-15d3-48a0-b561-293edb1a535c,Paketbox Willys Hemma Säter,Säter,2082C1010,1,1816,575,0.31662995594713655,2082,0.79,2298.411,3
3900,6d0472b1-7a2f-47d0-975d-c1b035b17014,Säter ICA,Säter,2082C1010,1,1816,575,0.31662995594713655,2082,0.79,2298.411,3
3139,5757535e-797b-46f3-8fba-100d56ac8eeb,Dala-Järna Hemköp,Vansbro,2021B2010,1,2093,580,0.2771141901576684,2021,37.398,55.966,3
1357,253a1961-fbc0-4ced-8d27-5157fb953f34,Dala-Järna ICA ToGo,Vansbro,2021B2010,1,2093,580,0.2771141901576684,2021,37.398,55.966,3
6278,b193813f-cb28-4b08-b198-81b32db012cc,Hemköp Dala-Järna,Vansbro,2021B2010,1,2093,580,0.2771141901576684,2021,37.398,55.966,3
5163,91a0e34e-747f-4240-93ae-2d1a62bedf03,Tempo/Gulf Nås,Vansbro,2021A0020,1,999,331,0.33133133133133136,2021,772.64,1.293,1
8720,f991ed4d-441c-44a9-8b6e-6a899528f1cf,Ica Supermarket Vansbro,Vansbro,2021C1010,1,2258,571,0.2528786536758193,2021,12.985,173.892,6
2337,3fe37e36-68a6-4b0e-b368-cc584237dc69,"NÅ Bildelar AB/AD Butik, Vansbro",Vansbro,2021C1010,1,2258,571,0.2528786536758193,2021,12.985,173.892,6
2729,4bb631a7-c070-4f53-88ab-fddcd93700e2,OK/Q8 Vansbro,Vansbro,2021C1010,1,2258,571,0.2528786536758193,2021,12.985,173.892,6
3312,5c23f5d1-3016-4d7b-b99d-b14ab71bbe4f,Paketbox Lyko,Vansbro,2021A0010,1,1402,391,0.2788873038516405,2021,842.227,1.665,2
4299,788711be-456b-4fe1-9cd0-56db9d7d1a2b,Postnord Vansbro,Vansbro,2021C1010,1,2258,571,0.2528786536758193,2021,12.985,173.892,6
4302,78a61029-df09-4ef9-a744-0e81a2b34ec7,Vansbro Coop,Vansbro,2021C1010,1,2258,571,0.2528786536758193,2021,12.985,173.892,6
4747,858dbfa5-6c27-48ac-aaf0-705ef1eab062,Vansbro ICA,Vansbro,2021C1010,1,2258,571,0.2528786536758193,2021,12.985,173.892,6
5974,a9eaa3fb-9601-42b3-bf7c-b4dd612a40c6,Äppelbo Tempo,Vansbro,2021A0010,1,1402,391,0.2788873038516405,2021,842.227,1.665,2
7385,d3022173-9cf6-4222-8f3f-188222efb488,Coop Idre,Älvdalen,2039A0030,1,1142,328,0.287215411558669,2039,2429.379,0.47,5
5192,928e86a6-9e2a-4d26-a193-a06e8e58741b,Fjällbua,Älvdalen,2039A0030,1,1142,328,0.287215411558669,2039,2429.379,0.47,5
1223,21629bb6-6c5a-4566-8e69-b0e894ffffb1,Flötningen Supermarket,Älvdalen,2039A0030,1,1142,328,0.287215411558669,2039,2429.379,0.47,5
7023,c879b5d0-5db8-47fa-983c-400ee67c81de,Gulf Idre ,Älvdalen,2039A0030,1,1142,328,0.287215411558669,2039,2429.379,0.47,5
8187,e9ed7122-9957-43fa-9973-c32a54477107,ICA Idre Bua,Älvdalen,2039A0030,1,1142,328,0.287215411558669,2039,2429.379,0.47,5
8203,ea53e56f-6b93-4a19-bd68-15a80e39d31f,Coop Särna,Älvdalen,2039A0020,1,905,310,0.3425414364640884,2039,2215.666,0.408,3
690,130da59f-6167-4d55-a037-97367bfc4473,Coop Särna                         ,Älvdalen,2039A0020,1,905,310,0.3425414364640884,2039,2215.666,0.408,3
8160,e9469966-c272-4d8e-bfae-92ecddf0a9df,Okq8,Älvdalen,2039A0020,1,905,310,0.3425414364640884,2039,2215.666,0.408,3
3513,61fa7919-2100-4506-b689-dcbcd0d782fe,Evertsberg Lifvs,Älvdalen,2039A0010,1,1895,631,0.3329815303430079,2039,2509.892,0.755,2
2873,4fac615b-7e41-470a-8468-67658107cb74,ICA Olssons,Älvdalen,2039C1010,1,2243,601,0.26794471689701294,2039,16.033,139.9,5
1879,333d4bbe-321c-419e-a36e-bc19b669f3db,Ica Supermarket Olssons,Älvdalen,2039C1010,1,2243,601,0.26794471689701294,2039,16.033,139.9,5
2946,51bd271e-a10b-4d18-a8c6-cf36206123b8,Ica Supermarket Olssons,Älvdalen,2039C1010,1,2243,601,0.26794471689701294,2039,16.033,139.9,5
6295,b287f556-f902-46d9-84e7-bcf7d2a1a9b1,Lifvs Evertsberg,Älvdalen,2039A0010,1,1895,631,0.3329815303430079,2039,2509.892,0.755,2
5544,9d438d72-1219-4213-a3df-404ce9df86f2,Nya Älvdalens Bildelar AB,Älvdalen,2039C1010,1,2243,601,0.26794471689701294,2039,16.033,139.9,5
6941,c6885ffe-bf7b-4419-bcb9-f0c7580490a7,Älvdalen Coop,Älvdalen,2039C1010,1,2243,601,0.26794471689701294,2039,16.033,139.9,5
