kluster_id,nodnamn,adress,postnummer,postort,kommun,kommuntyp,uuidadrpl,e,n,lon,lat,aktorstjanster,antal_aktorer,aktorer,antal_servicetyper,servicetyper,median_leveransdagar_per_vecka,min_leveransdagar_per_vecka,max_leveransdagar_per_vecka,antal_kanda_leveransfrekvenser,befolkning_kn,arbetsstallen,avlamningsstallen_kn,en_aktor,leveransfrekvens_saknas,narmaste_annan_nod_km,narmaste_annan_nod_id,qa_nara_annan_nod_under_25m,narmaste_nod_med_annan_aktor_km
5241,Avesta ICA Kvantum,Myntgatan 5,77430,Avesta,Avesta,4. Landsbygdskommuner nära större städer,93d67340-1c95-440a-bd39-1e156b22f648,565189.273,6668196.913,16.17393460674599,60.145520680257604,1,1,Instabee,1,Paketbox/skåp,5.0,5.0,5.0,1,22379,2655,12996,True,False,0.03401298484388458,1232,False,0.03401298484388458
4950,Avesta Willys (Ute),Get Johannas väg 22,77463,Avesta,Avesta,4. Landsbygdskommuner nära större städer,8b644e1c-60e6-4fe6-9e1c-944c8bb01abc,566478.054,6669004.486,16.197400806517127,60.15256268970152,1,1,Instabee,1,Paketbox/skåp,6.0,6.0,6.0,1,22379,2655,12996,True,False,1.1774792617966814,7678,False,1.1774792617966814
6500,Direkten Avesta,Myntgatan 12,77430,Avesta,Avesta,4. Landsbygdskommuner nära större städer,b910f277-fbe8-40d0-8f56-a8168a184dce,565215.0,6668286.0,16.1744263045117,60.14631632445693,1,1,UPS,1,Ombud,5.0,5.0,5.0,1,22379,2655,12996,True,False,0.09272740748047188,5241,False,0.09272740748047188
1470,H&M Avesta,Kungsgatan 22,77430,Avesta,Avesta,4. Landsbygdskommuner nära större städer,28421e8f-cbe7-409a-973b-ad089cb5bd0c,564963.912,6668212.512,16.169882248590575,60.145696608918726,1,1,Instabee,1,Paketbox/skåp,5.0,5.0,5.0,1,22379,2655,12996,True,False,0.09276959540701024,5243,False,0.09276959540701024
913,Hemköp Avesta,Prästgatan 26,77433,Avesta,Avesta,4. Landsbygdskommuner nära större städer,19663ade-ffdf-4b90-8d95-3d2285d58449,564433.752,6667861.244,16.160226242948287,60.14262714728228,4,4,Bring; Instabee; PostNord; Schenker,2,Ombud; Paketbox/skåp,5.0,5.0,6.0,4,22379,2655,12996,False,False,0.18986780938321596,5996,False,0.18986780938321596
429,Hemköp Skogsbo,Rutboleden 1,77460,Avesta,Avesta,4. Landsbygdskommuner nära större städer,0c1fb25e-44bf-4935-865e-74f0392a1757,565297.108,6669450.318,16.176277906767268,60.156755482783716,5,4,Bring; DHL; PostNord; Schenker,2,Ombud; Paketbox/skåp,5.0,5.0,5.0,5,22379,2655,12996,False,False,0.308735370868208,7678,False,1.1672095479338453
1232,Ica Kvantum Avesta,Myntgatan 3,77430,Avesta,Avesta,4. Landsbygdskommuner nära större städer,21a6b336-fa46-4ba2-b864-20f53d0d1cb5,565223.07,6668193.086,16.174541851795574,60.145480931011456,2,2,Bring; PostNord,1,Ombud,5.0,5.0,5.0,2,22379,2655,12996,False,False,0.03401298484388458,5241,False,0.03401298484388458
5243,Lekextra Avesta                    ,Markustorget 1,77430,Avesta,Avesta,4. Landsbygdskommuner nära större städer,93db43ea-d605-4d31-a124-1fd60f6bda33,564873.106,6668231.498,16.16825344022994,60.14588147768135,1,1,DHL,1,Ombud,5.0,5.0,5.0,1,22379,2655,12996,True,False,0.09276959540701024,1470,False,0.09276959540701024
1966,Paketbox Lidl Avesta,Axel Johnsons väg 99,77434,Avesta,Avesta,4. Landsbygdskommuner nära större städer,35c11892-aec9-46f1-a681-cc380ae04244,564526.414,6667688.456,16.161839650001966,60.141061369753295,1,1,PostNord,1,Paketbox/skåp,5.0,5.0,5.0,1,22379,2655,12996,True,False,0.19606616023144244,913,False,0.19606616023144244
5996,Paketskåp (Iboxen) Arvidsgatan     ,Arvidsgatan 2A,77433,Avesta,Avesta,4. Landsbygdskommuner nära större städer,aa86b149-7e46-4470-b116-b2ca5977b192,564286.0,6667742.0,16.157528765140903,60.141579936622655,2,2,DHL; Iboxen,1,Paketbox/skåp,6.0,5.0,7.0,2,22379,2655,12996,False,False,0.18986780938321596,913,False,0.18986780938321596
7678,Postnord Avesta,Högbostigen 4,77463,Avesta,Avesta,4. Landsbygdskommuner nära större städer,dbe19b39-1af3-420e-a4b6-cc9c5dbb77f3,565308.608349441,6669141.79689669,16.17638605876147,60.15398400170769,1,1,PostNord,1,Egen regi,5.0,5.0,5.0,1,22379,2655,12996,True,False,0.308735370868208,429,False,0.308735370868208
8441,ICA Nära Fors,Bruksvägen 14,77497,Fors,Avesta,4. Landsbygdskommuner nära större städer,f1f17d31-d156-4b5a-8753-04761f42d6ed,572538.153,6675214.861,16.308739799438552,60.20728003548216,5,5,Bring; DHL; Instabee; PostNord; Schenker,2,Ombud; Paketbox/skåp,5.0,2.0,5.0,5,22379,2655,12996,False,False,8.677186037560022,4950,False,10.081551696972284
1766,Horndal ICA,Stora vägen 47,77467,Horndal,Avesta,4. Landsbygdskommuner nära större städer,2fe8894b-93f0-44e0-a319-50744c804c7f,577629.788,6684991.521,16.404325404511052,60.29409962599792,5,5,Bring; DHL; Instabee; PostNord; Schenker,2,Ombud; Paketbox/skåp,5.0,2.0,5.0,5,22379,2655,12996,False,False,11.02305890979572,8441,False,18.94497265528579
8901,Karlbo OKQ8,Folkaregatan 50,77570,Krylbo,Avesta,4. Landsbygdskommuner nära större städer,fe565273-1b50-4cbe-9d7b-68a2d2ec33d2,569008.791,6665372.79,16.241742794269605,60.11954137739445,3,3,Instabee; PostNord; Schenker,2,Ombud; Paketbox/skåp,5.0,5.0,6.0,3,22379,2655,12996,False,False,2.0060751918853224,2884,False,2.0060751918853224
2884,Krylbo Coop,Järnvägsgatan 16,77551,Krylbo,Avesta,4. Landsbygdskommuner nära större städer,4ff6a6c6-f680-4b86-a9dc-91cc0dddce0f,567413.412,6666588.974,16.21344502294376,60.13072521380206,5,5,Bring; DHL; Instabee; PostNord; Schenker,2,Ombud; Paketbox/skåp,5.0,5.0,6.0,5,22379,2655,12996,False,False,2.0060751918853224,8901,False,2.777213093447946
7318,Borlänge Direkten,Norrskensgatan 6B,78453,Borlänge,Borlänge,2. Täta kommuner nära större städer,d1424d9d-545d-4aa0-8874-22c3bb8ecd04,522246.602,6705304.925,15.404764025577538,60.48329420834708,1,1,Instabee,1,Paketbox/skåp,5.0,5.0,5.0,1,51233,5323,28367,True,False,0.06193456247542651,368,False,0.06193456247542651
5862,Borlänge ICA Maxi,Mjälgavägen 2,78437,Borlänge,Borlänge,2. Täta kommuner nära större städer,a6d6cb27-14e9-410b-9c2e-a0f56afc19f1,524609.56,6705245.941,15.447747914058274,60.48262727783352,4,3,Bring; Instabee; PostNord,2,Ombud; Paketbox/skåp,5.0,5.0,6.0,4,51233,5323,28367,False,False,0.7341113545315414,2277,False,0.7532445142556208
2295,Borlänge Tempo,Hagavägen 23,78431,Borlänge,Borlänge,2. Täta kommuner nära större städer,3ee78753-7e44-4ec7-a604-9cf595c225cd,523289.109,6705866.33,15.423796989263055,60.48827581087653,4,4,Bring; DHL; Instabee; Schenker,2,Ombud; Paketbox/skåp,5.0,5.0,6.0,4,51233,5323,28367,False,False,0.09941477195051956,1391,False,0.12066581570612021
2277,Bygatan OKQ8,Bygatan 33A,78434,Borlänge,Borlänge,2. Täta kommuner nära större städer,3e751831-d375-4e53-922b-19ac0e0b4eff,524032.004,6704792.787,15.437185443263301,60.47859355478155,1,1,Instabee,1,Paketbox/skåp,6.0,6.0,6.0,1,51233,5323,28367,True,False,0.31681742301875765,3314,False,0.31681742301875765
4505,Coop Forssa,Bragegatan 6,78444,Borlänge,Borlänge,2. Täta kommuner nära större städer,7e130053-7397-44ec-95be-afa2328f6d5e,523687.617,6706793.898,15.431159028689358,60.49658060039815,5,5,Bring; DHL; Instabee; PostNord; Schenker,2,Ombud; Paketbox/skåp,5.0,5.0,6.0,5,51233,5323,28367,False,False,0.5797360671590321,4609,False,0.7963006833257421
7781,Dhl Borlänge                       ,Planerargatan 9,78170,Borlänge,Borlänge,2. Täta kommuner nära större städer,de711152-6534-4032-a023-84e70f3f78dc,522259.121,6703385.762,15.404777147234057,60.466062521219754,1,1,DHL,1,Egen regi,5.0,5.0,5.0,1,51233,5323,28367,True,False,1.38696918560333,1826,False,1.38696918560333
368,Film & Fabel,Jaxtorget 11,78453,Borlänge,Borlänge,2. Täta kommuner nära större städer,0a32687b-72ff-4c84-81e9-cc3050c65c45,522228.0,6705364.0,15.404432185012947,60.483825632448756,4,4,Bring; DHL; Schenker; UPS,1,Ombud,5.0,5.0,5.0,4,51233,5323,28367,False,False,0.06193456247542651,7318,False,0.06193456247542651
1391,Hagalund Livs,Tångringsgatan 29,78430,Borlänge,Borlänge,2. Täta kommuner nära större städer,261a25a3-701f-47fe-aad9-6aca3d9b9eee,523269.348,6705963.761,15.423448808651425,60.48915172218455,1,1,Instabee,1,Paketbox/skåp,6.0,6.0,6.0,1,51233,5323,28367,True,False,0.09941477195051956,2295,False,0.09941477195051956
5944,Hemköps Spelbutik,Hammargatan 8,78171,Borlänge,Borlänge,2. Täta kommuner nära större städer,a9260cec-0c3f-4deb-8d13-81a45ad91af4,524256.89,6703964.085,15.441175377699599,60.47113970999407,6,5,Bring; DHL; Instabee; PostNord; Schenker,2,Ombud; Paketbox/skåp,5.0,5.0,6.0,6,51233,5323,28367,False,False,0.5368558759492268,3656,False,1.5071686890762233
5090,ICA Kvarnen (Ute),Kvarnforsgatan 2,78466,Borlänge,Borlänge,2. Täta kommuner nära större städer,8fb346fc-617e-4ee8-9e74-ead003186d3e,522770.467,6709035.91,15.414722806255863,60.51676302648981,5,5,Bring; DHL; Instabee; PostNord; Schenker,2,Ombud; Paketbox/skåp,5.0,5.0,6.0,5,51233,5323,28367,False,False,0.5051211860544982,6904,False,2.3191923823957676
8940,Ica Nära Domnarvet,Jönisgatan 9,78474,Borlänge,Borlänge,2. Täta kommuner nära större städer,ff890499-1fd7-43b0-9051-d8d50fee34da,525054.163,6707283.468,15.45609356618223,60.50089343085234,4,4,Bring; DHL; PostNord; Schenker,1,Ombud,5.0,5.0,5.0,4,51233,5323,28367,False,False,1.4515945560024874,4505,False,1.4515945560024874
587,Ica Trumpeten,Allfarvägen 91,78442,Borlänge,Borlänge,2. Täta kommuner nära större städer,101bb93a-dd03-4f7c-9e3d-84fd3ea6ad21,522710.498,6707483.698,15.413453041288648,60.50283013723798,3,3,Bring; Instabee; Schenker,2,Ombud; Paketbox/skåp,5.0,5.0,6.0,3,51233,5323,28367,False,False,0.49138290043970395,8121,False,0.49138290043970395
3293,Kupolen Köpcentrum,Kupolen 1,78170,Borlänge,Borlänge,2. Täta kommuner nära större städer,5b7a7cc9-e14a-41ec-90b7-78b323ab663d,522971.846,6705406.599,15.417970758137754,60.48416639132171,1,1,Instabee,1,Paketbox/skåp,6.0,6.0,6.0,1,51233,5323,28367,True,False,0.23442005404161512,6776,False,0.23442005404161512
7882,Liljan Livs,Borganäsvägen 20B,78433,Borlänge,Borlänge,2. Täta kommuner nära större städer,e0f18389-221c-4bd2-8d1b-fc943d4bd74d,523701.242446891,6705444.30870234,15.431246123876225,60.48446272827794,2,2,Instabee; Schenker,2,Ombud; Paketbox/skåp,5.0,5.0,5.0,2,51233,5323,28367,False,False,0.1774246727936496,366,False,0.1774246727936496
4320,Norra Backa Stora Coop,Norra Backagatan 5C,78170,Borlänge,Borlänge,2. Täta kommuner nära större städer,792d4955-cd10-4c1b-a2ca-c1db731cbab5,523015.0,6704751.058,15.418680073137617,60.47827824191286,1,1,Instabee,1,Paketbox/skåp,6.0,6.0,6.0,1,51233,5323,28367,True,False,0.45212533414623707,5255,False,0.45212533414623707
8886,Ornäs ICA Nära,Torsångsvägen 119,78477,Borlänge,Borlänge,2. Täta kommuner nära större städer,fddca272-5b56-4645-b903-eb9619be8fbf,529734.32,6708184.88,15.541423418778848,60.50866813887788,3,3,Bring; Instabee; PostNord,2,Ombud; Paketbox/skåp,5.0,5.0,6.0,3,51233,5323,28367,False,False,4.434630611103095,8368,False,4.434630611103095
4609,Paketbox Allfarvägen,Allfarvägen 61,78442,Borlänge,Borlänge,2. Täta kommuner nära större städer,814cec11-5b52-472e-8f2d-bd1acbb5a897,523115.251,6706701.751,15.420730508939434,60.49578652327387,1,1,Bring,1,Paketbox/skåp,5.0,5.0,5.0,1,51233,5323,28367,True,False,0.1978484643205387,8263,False,0.1978484643205387
8263,Paketbox Bondegatan,Bondegatan 8D,78441,Borlänge,Borlänge,2. Täta kommuner nära större städer,ebe113c4-9ba4-400c-b24b-0da3cca2bd89,522931.898,6706776.086,15.417401905615165,60.496464407923675,1,1,PostNord,1,Paketbox/skåp,5.0,5.0,5.0,1,51233,5323,28367,True,False,0.06723210390901414,2712,False,0.06723210390901414
8121,Paketbox Bullermyren Allfarvägen,Allfarvägen 73B,78442,Borlänge,Borlänge,2. Täta kommuner nära större städer,e82b3572-7790-4de6-8e87-c7c1d255336e,522892.029,6707027.076,15.41670515771423,60.49872015081269,1,1,PostNord,1,Paketbox/skåp,5.0,5.0,5.0,1,51233,5323,28367,True,False,0.2541368081587409,8263,False,0.30703803939793783
5751,Paketbox Engelbrektsgatan 22,Engelbrektsgatan 22,78431,Borlänge,Borlänge,2. Täta kommuner nära större städer,a3846922-2a1f-4beb-903b-28763150bb64,523340.315,6705757.068,15.424715940114758,60.4872918556373,1,1,PostNord,1,Paketbox/skåp,5.0,5.0,5.0,1,51233,5323,28367,True,False,0.12066581570612021,2295,False,0.12066581570612021
4623,Paketbox Gylle Örjansgården,Sockenvägen 130A,78460,Borlänge,Borlänge,2. Täta kommuner nära större städer,81c19592-b5c3-48f4-b5f2-97429a9eb238,524943.031,6703998.572,15.453658526583045,60.471407487889515,1,1,PostNord,1,Paketbox/skåp,5.0,5.0,5.0,1,51233,5323,28367,True,False,0.31246135798420577,3656,False,0.31246135798420577
6770,Paketbox Hästhovsgatan,Hästhovsgatan 7A,78465,Borlänge,Borlänge,2. Täta kommuner nära större städer,c1a8f186-bb00-4757-9066-3de0b98451bd,522852.688,6708198.185,15.416123809523071,60.509236998120585,1,1,PostNord,1,Paketbox/skåp,5.0,5.0,5.0,1,51233,5323,28367,True,False,0.7284982287340289,587,False,0.7284982287340289
3656,Paketbox Karlsgårdsgatan,Karlsgårdsgatan 13A,78460,Borlänge,Borlänge,2. Täta kommuner nära större städer,65e6b6f9-24ce-45de-93b1-fabf85dda806,524726.644,6704223.98,15.449751069468395,60.47344460482366,1,1,Bring,1,Paketbox/skåp,5.0,5.0,5.0,1,51233,5323,28367,True,False,0.31246135798420577,4623,False,0.31246135798420577
2996,Paketbox Klöverstigen,Klöverstigen 16,78451,Borlänge,Borlänge,2. Täta kommuner nära större städer,533792cd-5f2c-4731-8993-1b6986fbf01e,522125.0,6706353.0,15.402668237832431,60.49271091288293,1,1,Bring,1,Paketbox/skåp,5.0,5.0,5.0,1,51233,5323,28367,True,False,0.8527823204100189,2712,False,0.8527823204100189
6904,Paketbox Kvarnsveden Sveaborgsgatan,Sveaborgsgatan 34A,78467,Borlänge,Borlänge,2. Täta kommuner nära större städer,c55fa621-e1b5-42ca-913f-1ef134520e47,522270.518,6708963.81,15.405609319118705,60.51614366161373,1,1,PostNord,1,Paketbox/skåp,5.0,5.0,5.0,1,51233,5323,28367,True,False,0.5051211860544982,5090,False,0.5051211860544982
5255,Paketbox Lidl Kupolen I Borlänge,Georg Karlssons gata 1,78170,Borlänge,Borlänge,2. Täta kommuner nära större städer,94498564-362c-41f8-b21f-b5f9fc385265,522792.524,6705144.659,15.414678093950743,60.48182477844707,1,1,PostNord,1,Paketbox/skåp,5.0,5.0,5.0,1,51233,5323,28367,True,False,0.31744124382983124,3293,False,0.31744124382983124
1826,Paketbox Nygårdsdalen Stånggatan,Stånggatan 27A,78454,Borlänge,Borlänge,2. Täta kommuner nära större städer,31488eea-1af3-4a2c-ba96-93c293c12240,521814.723,6704699.609,15.396840083031806,60.47788305085164,1,1,PostNord,1,Paketbox/skåp,5.0,5.0,5.0,1,51233,5323,28367,True,False,0.03088069903691378,2652,False,0.03088069903691378
5146,Paketbox Nävgatan 1,Nävgatan 1AA,78440,Borlänge,Borlänge,2. Täta kommuner nära större städer,913f1920-768b-45aa-9407-050635260eaa,522963.442930447,6705963.78518491,15.417882214858846,60.48916948846163,1,1,PostNord,1,Paketbox/skåp,5.0,5.0,5.0,1,51233,5323,28367,True,False,0.30590507050903387,1391,False,0.30590507050903387
1792,Paketbox Sahlstedtsgatan,Sahlstedtsgatan 2A,78433,Borlänge,Borlänge,2. Täta kommuner nära större städer,3093127c-76a3-451e-9524-61848ec0a8d2,523962.554,6705685.319,15.436029590376453,60.486611148852695,1,1,Bring,1,Paketbox/skåp,5.0,5.0,5.0,1,51233,5323,28367,True,False,0.2761149455283876,366,False,0.2761149455283876
4730,Paketbox Skräddarbacken Gös Eriks Väg,Gös Eriks väg 135,78456,Borlänge,Borlänge,2. Täta kommuner nära större städer,850faee7-658e-4ca6-85cc-61499dce7ea2,520265.124,6703335.16,15.368512529447338,60.46571331162028,1,1,PostNord,1,Paketbox/skåp,5.0,5.0,5.0,1,51233,5323,28367,True,False,0.9614671333896424,4043,False,1.9946389644276208
4043,Paketbox Skäddarbacken Kalles Väg,Kalles väg 9B,78455,Borlänge,Borlänge,2. Täta kommuner nära större städer,71176ed1-5979-4828-a4e8-8f48a0211e14,520949.694,6704010.277,15.381031858091573,60.471739822244245,1,1,PostNord,1,Paketbox/skåp,5.0,5.0,5.0,1,51233,5323,28367,True,False,0.9614671333896424,4730,False,1.0963127911508563
2652,Paketbox Stånggatan,Stånggatan 25E,78454,Borlänge,Borlänge,2. Täta kommuner nära större städer,49a32334-e77a-4509-a3cd-9e24263afb48,521788.596,6704716.071,15.396366612664895,60.47803226616587,1,1,Bring,1,Paketbox/skåp,5.0,5.0,5.0,1,51233,5323,28367,True,False,0.03088069903691378,1826,False,0.03088069903691378
4153,Paketbox Willys Stora Tuna,Tyllsnäsvägen 4,78461,Borlänge,Borlänge,2. Täta kommuner nära större städer,742578d8-e281-44e9-ab41-8517d15c4ffa,526197.072,6703012.89,15.476336180544816,60.462478203562746,3,3,Bring; Instabee; PostNord,1,Paketbox/skåp,5.0,5.0,6.0,3,51233,5323,28367,False,False,1.354656954623351,987,False,2.1608049706416548
987,Paketbox Åselby Gamla Landsvägen,Gamla landsvägen 12A,78462,Borlänge,Borlänge,2. Täta kommuner nära större städer,1b570a04-172b-447f-985d-b4d90812f457,524877.375,6703318.66,15.452379482230604,60.46530706005216,1,1,PostNord,1,Paketbox/skåp,5.0,5.0,5.0,1,51233,5323,28367,True,False,0.6830746943631982,4623,False,0.8953072466196965
3314,Paketbox Östermalm Ingebjörnsgatan,Ingebjörnsgatan 3,78434,Borlänge,Borlänge,2. Täta kommuner nära större städer,5c5900c1-19fe-4b68-af82-ce21c2db2b26,523862.782,6705060.625,15.434139220269062,60.48100835082833,1,1,PostNord,1,Paketbox/skåp,5.0,5.0,5.0,1,51233,5323,28367,True,False,0.31681742301875765,2277,False,0.31681742301875765
2712,Paketskåp (Iboxen) Bondegatan      ,Bondegatan 11A,78441,Borlänge,Borlänge,2. Täta kommuner nära större städer,4b218915-0c07-48d0-8bf3-032ba6d83445,522894.748,6706720.05,15.41671927338056,60.49596341030543,2,2,DHL; Iboxen,1,Paketbox/skåp,6.0,5.0,7.0,2,51233,5323,28367,False,False,0.06723210390901414,8263,False,0.06723210390901414
366,Paketskåp (Iboxen) Stationsgatan   ,Stationsgatan 18,78433,Borlänge,Borlänge,2. Täta kommuner nära större städer,0a290b37-004d-48a3-a77c-cedfc6598dfc,523877.344,6705422.681,15.434447602502237,60.484258152653595,2,2,DHL; Iboxen,1,Paketbox/skåp,6.0,5.0,7.0,2,51233,5323,28367,False,False,0.1774246727936496,7882,False,0.1774246727936496
3345,Postnord Borlänge,Mejselgatan 9,78171,Borlänge,Borlänge,2. Täta kommuner nära större städer,5d4039e1-de32-49c3-9c6e-48685b910184,524115.240801706,6703365.24510323,15.438526673359416,60.46577160537165,1,1,PostNord,1,Egen regi,5.0,5.0,5.0,1,51233,5323,28367,True,False,0.6153647027097668,5944,False,0.6153647027097668
8368,Schenker Borlänge,Godsvägen 13,78472,Borlänge,Borlänge,2. Täta kommuner nära större städer,ef29676f-4882-4b80-8fba-2a0518d7ad16,526021.498,6705759.823,15.47350304319451,60.487152379950594,1,1,Schenker,1,Ombud,5.0,5.0,5.0,1,51233,5323,28367,True,False,1.5025457150343626,5862,False,1.5025457150343626
2622,Sellnäs ICA Nära,Sör Sellnäs 231,78198,Borlänge,Borlänge,2. Täta kommuner nära större städer,48e3d8cc-ce09-4abb-8e9d-88acf0676205,521002.599,6697066.316,15.381263045609444,60.40939097753002,5,5,Bring; DHL; Instabee; PostNord; Schenker,2,Ombud; Paketbox/skåp,5.0,2.0,5.0,5,51233,5323,28367,False,False,6.312073706157693,4730,False,8.38767949880436
2044,Tuna Kiosken HB,Rommevägen 10,78463,Borlänge,Borlänge,2. Täta kommuner nära större städer,3818ca49-63d8-44f6-9383-8421d6043bfb,527075.0,6700621.0,15.491973828268339,60.4409450907512,2,2,DHL; Schenker,1,Ombud,5.0,5.0,5.0,2,51233,5323,28367,False,False,2.54791980746693,4153,False,2.54791980746693
4888,Willys Borlänge,Maskinistgatan 6,78170,Borlänge,Borlänge,2. Täta kommuner nära större städer,898b84af-5d81-4a0a-b264-7b059e6e6d98,522816.163,6705628.722,15.41516369080394,60.4861695362601,1,1,Instabee,1,Paketbox/skåp,6.0,6.0,6.0,1,51233,5323,28367,True,False,0.03741671280323869,6776,False,0.03741671280323869
6776,Willys Borlänge Kupolen,Maskinistgatan 4,78170,Borlänge,Borlänge,2. Täta kommuner nära större städer,c1d37fbb-2bcf-40ee-9a6f-adcc5928356e,522842.377,6705602.023,15.415637600087651,60.485928337947364,1,1,PostNord,1,Ombud,5.0,5.0,5.0,1,51233,5323,28367,True,False,0.03741671280323869,4888,False,0.03741671280323869
553,Bjursås Frendo,Bjursåsvägen 2,79021,Bjursås,Falun,2. Täta kommuner nära större städer,0f84cc34-4ef8-4bc5-be56-7d8e99ac7dea,523959.176950697,6733213.45055339,15.439314513235468,60.733763590312265,4,4,Bring; DHL; Instabee; UPS,2,Ombud; Paketbox/skåp,5.0,5.0,6.0,4,59770,8337,32639,False,False,0.6830959926840057,6882,False,0.6830959926840057
6882,Coop Konsum Bjursås,Mårtsbovägen 1,79021,Bjursås,Falun,2. Täta kommuner nära större städer,c4effc9c-59d1-484e-b804-7bf3843d0996,524164.922624194,6733864.82514075,15.443167515569378,60.73959921763638,2,2,PostNord; Schenker,1,Ombud,3.5,2.0,5.0,2,59770,8337,32639,False,False,0.6830959926840057,553,False,0.6830959926840057
5919,Enviken Tempo,Tornvägen 5,79026,Enviken,Falun,2. Täta kommuner nära större städer,a85f2dc7-b178-49e3-80bd-86457bf05e10,541154.377443461,6741809.71076039,15.756395381776565,60.80953281843593,1,1,Instabee,1,Paketbox/skåp,3.0,3.0,3.0,1,59770,8337,32639,True,False,0.1420468949379777,630,False,0.1420468949379777
630,Gulf Enviken,Tängervägen 1,79026,Enviken,Falun,2. Täta kommuner nära större städer,1196ddfd-2ecc-4009-9db6-b432e45e26a7,541208.713725824,6741678.46713662,15.757366116231157,60.808348968785715,4,4,Bring; DHL; PostNord; Schenker,1,Ombud,3.5,2.0,5.0,4,59770,8337,32639,False,False,0.1420468949379777,5919,False,0.1420468949379777
6221,Bergströms Galleria,Holmtorget 5,79171,Falun,Falun,2. Täta kommuner nära större städer,b01facb9-995a-4f1b-9e81-b42e3a1ee40b,534628.619,6719009.315,15.632430893868989,60.60545828023434,1,1,Instabee,1,Paketbox/skåp,6.0,6.0,6.0,1,59770,8337,32639,True,False,0.09454086980800203,5803,False,0.1843864049353417
7084,Bojsenburg Lidl,Norra Järnvägsgatan 31C,79135,Falun,Falun,2. Täta kommuner nära större städer,ca30730d-f642-4afb-a7c7-f2676a71ccac,533852.823914521,6720899.249412,15.618588033419067,60.62249216361621,2,2,Instabee; PostNord,1,Paketbox/skåp,5.5,5.0,6.0,2,59770,8337,32639,False,False,0.3541719182940219,547,False,0.5780326491973085
7897,Circle K Falun Herrhagen           ,Herrhagsvägen 3A,79175,Falun,Falun,2. Täta kommuner nära större städer,e153f837-2ca9-4cb5-bacd-faffdb224426,533433.400547666,6720501.49850644,15.610856961228555,60.618956401289175,1,1,DHL,1,Ombud,5.0,5.0,5.0,1,59770,8337,32639,True,False,0.5699098863838626,547,False,0.5699098863838626
4461,City Gross Falun,Stortallsvägen 3A,79155,Falun,Falun,2. Täta kommuner nära större städer,7cacb2cf-795e-4369-939c-acb729328912,533324.902,6715774.472,15.608076212097613,60.57652646600817,3,3,Bring; DHL; Schenker,1,Ombud,5.0,5.0,5.0,3,59770,8337,32639,False,False,0.09302572008356816,912,False,0.09302572008356816
4727,Coop Kvarnberget,Källviksvägen 5,79152,Falun,Falun,2. Täta kommuner nära större städer,84f13726-e5a1-4bfa-9de4-713977962024,535337.252097273,6717792.10097763,15.645153809445318,60.59446847165497,6,5,Bring; DHL; Instabee; PostNord; Schenker,2,Ombud; Paketbox/skåp,5.0,5.0,6.0,6,59770,8337,32639,False,False,0.9874407024778752,7974,False,0.9874407024778752
6597,Direkten Falun,Trotzgatan 14,79130,Falun,Falun,2. Täta kommuner nära större städer,bc5ae96d-0bc8-48fd-871a-610710b474ce,534726.673,6719165.468,15.634249053867416,60.60685172588952,6,6,Bring; Bussgods; DHL; PostNord; Schenker; UPS,2,Ombud; Utlämning,5.0,5.0,5.0,6,59770,8337,32639,False,False,0.1843864049353417,6221,False,0.1843864049353417
5803,Falun C Hemköp,Holmgatan 16,79171,Falun,Falun,2. Täta kommuner nära större städer,a50df6f5-dda1-408a-8e52-dbadcea2659a,534708.219,6718958.307,15.633875564732211,60.60499345522672,1,1,Instabee,1,Paketbox/skåp,6.0,6.0,6.0,1,59770,8337,32639,True,False,0.09454086980800203,6221,False,0.2079813213659495
912,Falun City Gross,Stortallsvägen 3C,79155,Falun,Falun,2. Täta kommuner nära större städer,1961c06c-cc6b-45b9-80fa-2305cd71dddf,533308.448,6715866.031,15.607791433433567,60.577349845364154,2,2,Instabee; PostNord,1,Paketbox/skåp,5.0,5.0,5.0,2,59770,8337,32639,False,False,0.09302572008356816,4461,False,0.09302572008356816
1009,Falun Hosjö Hemköp,Centralvägen 7,79146,Falun,Falun,2. Täta kommuner nära större städer,1bd45ecd-ec11-4a7d-80d2-bb3dd4a8858b,540145.176663203,6717340.16614302,15.732832457010858,60.589958885216376,5,4,Bring; DHL; Instabee; PostNord,2,Ombud; Paketbox/skåp,5.0,5.0,6.0,5,59770,8337,32639,False,False,2.2602474286649166,3894,False,2.2602474286649166
784,Falun ICA Maxi,Bataljonsvägen 11,79140,Falun,Falun,2. Täta kommuner nära större städer,158fd139-f1b0-4aa6-b142-b6015fb48f88,536057.859226669,6719195.82705856,15.658565584781144,60.607006804229904,1,1,Instabee,1,Paketbox/skåp,6.0,6.0,6.0,1,59770,8337,32639,True,False,0.10048609584877514,6671,False,0.29567952200668224
6671,Falun NetonNet,Bataljonsvägen 9,79140,Falun,Falun,2. Täta kommuner nära större städer,be7b1e29-1b1f-4742-b5b4-5dd323a7fa59,535960.639362345,6719221.23873776,15.656794720474663,60.60724367590887,1,1,Instabee,1,Paketbox/skåp,3.0,3.0,3.0,1,59770,8337,32639,True,False,0.10048609584877514,784,False,0.22144084534835567
2626,Falun Stora Coop,Stigaregatan 17,79173,Falun,Falun,2. Täta kommuner nära större städer,4908cbc5-83e4-451d-b9a8-1d892e71a755,533885.520466925,6718727.25911145,15.618811972563917,60.60298947970331,3,3,Bring; Instabee; PostNord,1,Paketbox/skåp,5.0,5.0,6.0,3,59770,8337,32639,False,False,0.3942413458118977,7417,False,0.4941276934953415
163,Falun Vika Nära,Vikavägen 133,79195,Falun,Falun,2. Täta kommuner nära större städer,0482bf33-0015-4435-a547-381009130248,539242.008023813,6708903.10032649,15.714674209359597,60.51430184461598,4,4,Bring; DHL; Instabee; Schenker,2,Ombud; Paketbox/skåp,4.0,2.0,5.0,4,59770,8337,32639,False,False,8.465463931089158,2824,False,8.465463931089158
3518,Granngården Falun                  ,Trossvägen 8,79140,Falun,Falun,2. Täta kommuner nära större städer,621d7fb7-e01a-4b51-9a1f-7d5850bb4e2e,536327.349223203,6719074.16555478,15.663464783237496,60.60589022619159,1,1,DHL,1,Ombud,5.0,5.0,5.0,1,59770,8337,32639,True,False,0.29567952200668224,784,False,0.29567952200668224
7417,Gruvgatan OKQ8,Gruvgatan 19,79162,Falun,Falun,2. Täta kommuner nära större städer,d3fef9ad-bc9d-4d39-88eb-547b984bb1bc,534279.502807298,6718741.54736613,15.626008798172151,60.60308428026647,2,2,Instabee; PostNord,2,Ombud; Paketbox/skåp,5.5,5.0,6.0,2,59770,8337,32639,False,False,0.39050525397137786,1869,False,0.39050525397137786
1869,ICA Falan,Falugatan 7,79171,Falun,Falun,2. Täta kommuner nära större städer,32af47a4-f2bb-49bb-a7e3-79dfb1616824,534455.483079373,6719090.1521527,15.629283221651363,60.60619893960486,4,4,Bring; Instabee; PostNord; Schenker,2,Ombud; Paketbox/skåp,5.0,5.0,5.0,4,59770,8337,32639,False,False,0.19107771264060786,6221,False,0.2753275530266912
7974,PAKETSKÅP (IBOXEN) 27 VALLAVÄGEN   ,Vallavägen 27D,79142,Falun,Falun,2. Täta kommuner nära större städer,e38d3905-eb84-4859-a0bf-2cac5e627a43,536280.164,6718085.284,15.6624211733327,60.59701647400238,2,2,DHL; Iboxen,1,Paketbox/skåp,6.0,5.0,7.0,2,59770,8337,32639,False,False,0.9874407024778752,4727,False,0.9874407024778752
7112,Paketbox Bataljonsvägen,Bataljonsvägen 1,79140,Falun,Falun,2. Täta kommuner nära större städer,caf805ea-3da3-4229-9238-5e4b603513d6,535813.43398859,6719386.66735054,15.654136382224097,60.60874204217899,1,1,PostNord,1,Paketbox/skåp,5.0,5.0,5.0,1,59770,8337,32639,True,False,0.22144084534835567,6671,False,0.22144084534835567
8280,Paketbox Galgbergets Pizzeria,Glimmerstigen 2,79156,Falun,Falun,2. Täta kommuner nära större städer,ec4ac137-e9f1-4d44-9a60-baa3b28457bf,534747.47770774,6716830.7363656,15.634217811872647,60.5858889369862,1,1,PostNord,1,Paketbox/skåp,5.0,5.0,5.0,1,59770,8337,32639,True,False,1.1278544887591306,4727,False,1.1278544887591306
6452,Paketbox Herrhagsvägen,Herrhagsvägen 225,79176,Falun,Falun,2. Täta kommuner nära större städer,b78990f8-21d0-4baa-93bb-ad728fa1fcca,532591.417817734,6721246.77335091,15.595597543472374,60.6257167717183,1,1,Bring,1,Paketbox/skåp,5.0,5.0,5.0,1,59770,8337,32639,True,False,0.5726995371280947,3576,False,0.5726995371280947
2824,Paketbox Hälsinggården Flädervägen,Flädervägen 1A,79145,Falun,Falun,2. Täta kommuner nära större städer,4e2df502-6053-417e-8a3d-1afd2ce004bd,537679.695068422,6717223.15187669,15.687807771313345,60.589147416530054,1,1,PostNord,1,Paketbox/skåp,5.0,5.0,5.0,1,59770,8337,32639,True,False,0.7173121442240061,3894,False,0.7173121442240061
7002,Paketskåp (Iboxen) Magasinsgatan   ,Magasinsgatan 14B,79172,Falun,Falun,2. Täta kommuner nära större städer,c7eca87d-d80f-43e8-aa7c-e2cced536ef6,534340.669071754,6719690.96125434,15.62729111487977,60.61160278858031,2,2,DHL; Iboxen,1,Paketbox/skåp,6.0,5.0,7.0,2,59770,8337,32639,False,False,0.5901618669368658,763,False,0.6116811530186195
763,Paketskåp (Iboxen) Sturegatan      ,Sturegatan 68,79160,Falun,Falun,2. Täta kommuner nära större städer,15004ae7-3678-45c0-9829-b423b1228c56,534182.063716182,6719122.5112826,15.624295542876093,60.606512854272324,2,2,DHL; Iboxen,1,Paketbox/skåp,6.0,5.0,7.0,2,59770,8337,32639,False,False,0.2753275530266912,1869,False,0.2753275530266912
3368,Postnord Falun,Ryckepungsvägen 2B,79177,Falun,Falun,2. Täta kommuner nära större städer,5de63906-cea9-4bd5-bcac-cc549ea4df02,533134.831317753,6718850.22503742,15.605124576269665,60.60415617798332,1,1,PostNord,1,Egen regi,5.0,5.0,5.0,1,59770,8337,32639,True,False,0.7606936424306022,2626,False,0.7606936424306022
3576,Slätta ICA,Slätta centrum 6A,79174,Falun,Falun,2. Täta kommuner nära större städer,63ed5191-6411-4cf0-a7ec-64e1cd980f17,532659.535516568,6720678.13925157,15.596747982040077,60.62060607040581,4,4,Bring; Instabee; PostNord; Schenker,2,Ombud; Paketbox/skåp,5.0,5.0,6.0,4,59770,8337,32639,False,False,0.5726995371280947,6452,False,0.7937688827338497
3894,Tryckerivägen OKQ8,Tryckerivägen 1,79144,Falun,Falun,2. Täta kommuner nära större städer,6ce20730-a716-4d2d-9f1a-62ce24e01dc5,537952.016409363,6717886.76155076,15.692905933473243,60.59507951084366,2,2,Instabee; Schenker,2,Ombud; Paketbox/skåp,5.5,5.0,6.0,2,59770,8337,32639,False,False,0.7173121442240061,2824,False,0.7173121442240061
547,Willys Falun Svalan,Norra Järnvägsgatan 25,79135,Falun,Falun,2. Täta kommuner nära större städer,0f6bf6cf-aa8e-408f-a717-ba11f01ceaf0,533998.371456997,6720576.36605754,15.621191682102205,60.619581032140616,2,1,PostNord,2,Ombud; Paketbox/skåp,5.0,5.0,5.0,2,59770,8337,32639,True,False,0.3541719182940219,7084,False,0.3541719182940219
3212,Coop Konsum Grycksbo,Drottningvägen 23,79020,Grycksbo,Falun,2. Täta kommuner nära större städer,59573391-4bbb-4a28-bc45-bddcbefc1c6e,526459.451717746,6728067.30610608,15.484461774123595,60.68740365238921,4,4,Bring; DHL; PostNord; Schenker,1,Ombud,5.0,2.0,5.0,4,59770,8337,32639,False,False,5.7213789057639275,553,False,5.7213789057639275
7799,Linghed Tempo,Lingvägen 82,79025,Linghed,Falun,2. Täta kommuner nära större städer,deea1743-b539-4cc1-b68d-ca3408202a04,546770.944067436,6738924.33028077,15.858918139651278,60.783009467684195,1,1,Instabee,1,Paketbox/skåp,3.0,3.0,3.0,1,59770,8337,32639,True,False,5.239758587354111,2741,False,5.260556114739841
8081,Coop Sundborn,Blomstervägen 1,79015,Sundborn,Falun,2. Täta kommuner nära större städer,e706b014-361a-406c-afe7-99736f453d38,542320.911905554,6724406.79950554,15.774063977353432,60.65317673476974,4,4,Bring; DHL; PostNord; Schenker,2,Ombud; Utlämning,4.0,2.0,5.0,4,59770,8337,32639,False,False,0.07317029161121025,8455,False,0.07317029161121025
8455,Sundborn Coop,Blomstervägen 4,79015,Sundborn,Falun,2. Täta kommuner nära större städer,f2606a3b-7db3-48ed-87d6-239522c121fb,542394.035030013,6724409.42633706,15.775401847503009,60.6531925794392,1,1,Instabee,1,Paketbox/skåp,6.0,6.0,6.0,1,59770,8337,32639,True,False,0.07317029161121025,8081,False,0.07317029161121025
2808,Ica Supermarket Svärdsjö,Centrumvägen 2,79023,Svärdsjö,Falun,2. Täta kommuner nära större städer,4dd1748d-6980-44f7-81e0-1f9d8c4fd8ea,549351.539856288,6734340.22993164,15.905141929242555,60.7415460321426,1,1,PostNord,1,Ombud,5.0,5.0,5.0,1,59770,8337,32639,True,False,0.03572160432835799,2741,False,0.03572160432835799
7576,Svärdsjö Gottboden,Borgärdesvägen 40,79023,Svärdsjö,Falun,2. Täta kommuner nära större städer,d8e48c10-3796-4adb-a6a8-8f971ba9fe72,549352.030962223,6734233.32924702,15.905123915488462,60.74058630957458,5,5,Bring; DHL; Instabee; Schenker; UPS,2,Ombud; Paketbox/skåp,5.0,3.0,5.0,5,59770,8337,32639,False,False,0.10690181269425839,2808,False,0.10690181269425839
2741,Svärdsjö ICA,Centrumvägen 4,79023,Svärdsjö,Falun,2. Täta kommuner nära större städer,4c32264e-7903-451e-883e-63388ae9506b,549316.04,6734344.204,15.904491935999213,60.741586098916265,1,1,Instabee,1,Paketbox/skåp,5.0,5.0,5.0,1,59770,8337,32639,True,False,0.03572160432835799,2808,False,0.03572160432835799
3013,Frendo Sågmyra,Vidåsvägen 1,79022,Sågmyra,Falun,2. Täta kommuner nära större städer,53c91e4e-c742-4c33-b2a2-99d59ebc0c97,516181.142518129,6730953.56464443,15.296512516046418,60.71386525896133,1,1,Instabee,1,Paketbox/skåp,5.0,5.0,5.0,1,59770,8337,32639,True,False,8.09968542325751,553,False,8.09968542325751
840,Björbo Tempo,Björbovägen 18,78697,Björbo,Gagnef,4. Landsbygdskommuner nära större städer,17184358-ff04-44cd-8665-c3b493295b72,485173.338,6702267.033,14.730461533164858,60.456359683800066,4,4,Bring; DHL; Instabee; Schenker,2,Ombud; Paketbox/skåp,5.0,5.0,5.0,4,10371,1708,5465,False,False,7.116214364698775,5619,False,7.116214364698775
5619,ICA Nära Dala-Floda,Stora vägen 38,78695,Dala-Floda,Gagnef,4. Landsbygdskommuner nära större städer,9f43226c-4466-4cde-a3f7-e4a391893789,489114.792,6708192.018,14.801789591786438,60.509683043576366,5,5,Bring; DHL; Instabee; PostNord; Schenker,2,Ombud; Paketbox/skåp,5.0,5.0,6.0,5,10371,1708,5465,False,False,7.116214364698775,840,False,18.057255042116477
2422,Djurås Coop,Centrumvägen 11,78561,Djurås,Gagnef,4. Landsbygdskommuner nära större städer,42bda3aa-e0d7-41ea-b018-ced060d6366e,507175.0,6713868.0,15.130856444160846,60.56072811917812,3,3,DHL; Instabee; PostNord,2,Ombud; Paketbox/skåp,5.0,5.0,6.0,3,10371,1708,5465,False,False,0.2328788606636395,1118,False,0.2328788606636395
5971,Djurås ICA,Södra Industrivägen 8,78561,Djurås,Gagnef,4. Landsbygdskommuner nära större städer,a9db0a2a-6a3b-406a-9655-db21f693a54c,507509.844,6713761.312,15.136959202229333,60.55976410460331,2,2,Bring; Instabee,2,Ombud; Paketbox/skåp,5.0,5.0,5.0,2,10371,1708,5465,False,False,0.12914693653364182,1118,False,0.12914693653364182
1118,OK/Q8 Djurås,Södra Industrivägen 2,78561,Djurås,Gagnef,4. Landsbygdskommuner nära större städer,1e9a151b-7004-4a30-b5de-c795c51d4742,507405.94,6713838.012,15.135067152757491,60.56045468220511,1,1,Schenker,1,Ombud,5.0,5.0,5.0,1,10371,1708,5465,True,False,0.12914693653364182,5971,False,0.12914693653364182
8649,Ica Nära Gagnefshallen,Tyskens väg 2,78530,Gagnef,Gagnef,4. Landsbygdskommuner nära större städer,f7c8c3ef-6a6e-4a05-b8d4-b57384141d5b,504501.576,6717705.041,15.082186496268106,60.59521770942527,2,2,Bring; PostNord,1,Ombud,5.0,5.0,5.0,2,10371,1708,5465,False,False,0.6021500196608712,5812,False,0.6021500196608712
5812,Paketskåp (Iboxen) Gröntuv         ,Gröntuv 191,78530,Gagnef,Gagnef,4. Landsbygdskommuner nära större städer,a541a25f-eefd-4c3a-a066-2e816888aa77,504781.015,6717171.657,15.087275361017282,60.59042551804294,2,2,DHL; Iboxen,1,Paketbox/skåp,5.0,5.0,5.0,2,10371,1708,5465,False,False,0.6021500196608712,8649,False,0.6021500196608712
6680,ICA Nära Mockfjärd,Tarkovägen 6,78543,Mockfjärd,Gagnef,4. Landsbygdskommuner nära större städer,bec9b248-9903-4ab8-8dae-830379a51f59,498318.298,6708524.58,14.969374710142691,60.512812609416976,3,3,Bring; PostNord; Schenker,1,Ombud,5.0,5.0,5.0,3,10371,1708,5465,False,False,0.10428469926125584,672,False,0.10428469926125584
672,Ica Nära Mockfjärd (I)             ,Tarkovägen 4,78543,Mockfjärd,Gagnef,4. Landsbygdskommuner nära större städer,12abdece-ad89-4cf6-8d35-fd6ed1be45cb,498254.938,6708441.75,14.968221596613391,60.51206864539205,1,1,DHL,1,Ombud,5.0,5.0,5.0,1,10371,1708,5465,True,False,0.10428469926125584,6680,False,0.10428469926125584
3350,Handlarn Smedby,Smedbyvägen 14,77697,Dala-Husby,Hedemora,4. Landsbygdskommuner nära större städer,5d63ceb4-56db-4565-a1a8-0c3267069b94,555028.775,6695307.517,15.998385268142757,60.39040205482127,3,3,DHL; Schenker; TVV,2,Butik (stöd); Ombud,2.0,2.0,2.0,2,15206,2158,8971,False,False,7.096745121750527,1996,False,7.096745121750527
7145,Garpens Livs Restaurang &Pizze,Guldleden 1,77698,Garpenberg,Hedemora,4. Landsbygdskommuner nära större städer,cbf174d6-965c-4057-b814-00507ee96130,566004.545,6687326.76,16.194847750483305,60.317118495467625,1,1,Schenker,1,Ombud,5.0,5.0,5.0,1,15206,2158,8971,True,False,11.745196069352646,4438,False,11.745196069352646
5718,Hedemora Centrumgallerian,Åsgatan 64,77631,Hedemora,Hedemora,4. Landsbygdskommuner nära större städer,a2392eb4-3a48-4d94-8d21-b32fb87ae339,554495.965,6682744.461,15.985314502615068,60.27768967240007,1,1,Instabee,1,Paketbox/skåp,6.0,6.0,6.0,1,15206,2158,8971,True,False,0.6668239045999029,2711,False,0.6668239045999029
2711,Hedemora Hemköp,Gussarvsgatan 23,77630,Hedemora,Hedemora,4. Landsbygdskommuner nära större städer,4b0fd97a-29cc-45fb-8293-97ae09a16686,554750.0,6683361.0,15.9900740596066,60.28319053242864,4,3,Bring; DHL; Instabee,2,Ombud; Paketbox/skåp,5.0,5.0,6.0,4,15206,2158,8971,False,False,0.09507891459203771,3180,False,0.09507891459203771
4438,Hedemora ICA,Åkargatan 11,77630,Hedemora,Hedemora,4. Landsbygdskommuner nära större städer,7c15c2d5-dd4c-4f52-97dd-1bda3265947c,554993.408,6683239.647,15.994441888757507,60.28206821246768,3,3,Bring; Instabee; PostNord,2,Ombud; Paketbox/skåp,5.0,5.0,6.0,3,15206,2158,8971,False,False,0.20988539032779535,3180,False,0.20988539032779535
3180,Okq8 Hedemora,Gussarvsgatan 27,77630,Hedemora,Hedemora,4. Landsbygdskommuner nära större städer,585b6f61-76d9-4831-acc9-c1350db26549,554842.0,6683385.0,15.991743978237546,60.283393586318624,2,2,PostNord; Schenker,2,Ombud; Utlämning,5.0,5.0,5.0,2,15206,2158,8971,False,False,0.09507891459203771,2711,False,0.09507891459203771
4633,Paketbox Lidl Hedemora,Callerholmsgatan 10,77633,Hedemora,Hedemora,4. Landsbygdskommuner nära större städer,821747f7-6117-4db1-89bb-e927eefd65c2,554768.0755,6683540.00979477,15.99044946796442,60.28479516271594,1,1,PostNord,1,Paketbox/skåp,5.0,5.0,5.0,1,15206,2158,8971,True,False,0.17173487757244585,3180,False,0.17173487757244585
4464,Folkets Hus Långshyttan,Björkallén 1,77671,Långshyttan,Hedemora,4. Landsbygdskommuner nära större städer,7cb6881d-c31f-4843-9f48-3b55ae02b40f,556818.223,6702452.919,16.03287740006971,60.45430061952125,3,3,Bring; DHL; Schenker,1,Ombud,3.0,2.0,4.0,3,15206,2158,8971,False,False,0.270195337947723,1996,False,0.270195337947723
1996,Långhyttan ICA,Hyttgatan 5,77671,Långshyttan,Hedemora,4. Landsbygdskommuner nära större städer,36fbc03b-5b92-4638-9241-a1ca32f224da,556773.498,6702186.451,16.03198861952532,60.4519147812811,2,2,Instabee; PostNord,2,Ombud; Paketbox/skåp,5.0,5.0,5.0,2,15206,2158,8971,False,False,0.270195337947723,4464,False,0.270195337947723
1436,Stjärnsundskiosken,Bruksallén 22,77674,Stjärnsund,Hedemora,4. Landsbygdskommuner nära större städer,2739acb1-974c-4fc1-8dda-f7bf773dbe63,566490.159,6700315.38,16.207944935747136,60.43363495390881,2,2,PostNord; TVV,2,Butik (stöd); Ombud,5.0,5.0,5.0,1,15206,2158,8971,False,False,9.8951709270716,1996,False,9.8951709270716
5621,Hjultorget Hemköp,Hjultorget 30,79341,Insjön,Leksand,4. Landsbygdskommuner nära större städer,9f56c843-e23d-4d85-810c-8dda293283f9,504908.0,6726634.0,15.089829424355825,60.67538059150351,5,5,Bring; Instabee; PostNord; Schenker; UPS,2,Ombud; Paketbox/skåp,5.0,5.0,6.0,5,16110,3346,10108,False,False,0.546410173793106,6468,False,0.546410173793106
6468,Ica Nära Insjön                    ,Faluvägen 15,79341,Insjön,Leksand,4. Landsbygdskommuner nära större städer,b843ef20-eada-4732-8e01-705a93ca2a57,505084.555,6727151.1,15.09307424898424,60.68002107949968,1,1,DHL,1,Ombud,5.0,5.0,5.0,1,16110,3346,10108,True,False,0.546410173793106,5621,False,0.546410173793106
5861,Circle K Leksand,Limsjöänget 4,79331,Leksand,Leksand,4. Landsbygdskommuner nära större städer,a6bd59e3-0696-4cb6-8d72-9f12efd78a59,500268.469,6733485.742,15.004923096081098,60.736927627886516,1,1,Bring,1,Ombud,5.0,5.0,5.0,1,16110,3346,10108,True,False,0.15496330920936904,7102,False,0.15496330920936904
4424,Coop Leksand,Leksandsvägen 4,79331,Leksand,Leksand,4. Landsbygdskommuner nära större städer,7bad62f3-5f9c-4a79-b474-252110a894df,499882.02221,6732800.17725262,14.997836976172865,60.730772518980366,1,1,PostNord,1,Utlämning,5.0,5.0,5.0,1,16110,3346,10108,True,False,0.0841428859156417,7590,False,0.0841428859156417
7590,Leksand Coop,Faluvägen 17,79330,Leksand,Leksand,4. Landsbygdskommuner nära större städer,d9625ece-586b-41fa-9688-a8ec3b2bb4f6,499907.03,6732880.518,14.998295434800154,60.73149384638508,3,3,Bring; DHL; Instabee,2,Ombud; Paketbox/skåp,5.0,5.0,6.0,3,16110,3346,10108,False,False,0.0841428859156417,4424,False,0.0841428859156417
1181,Leksand Hemköp (A),Leksandsvägen 24,79331,Leksand,Leksand,4. Landsbygdskommuner nära större städer,2041063a-d18c-4e19-93d8-c5673960b484,499858.385,6733073.527,14.997403409624665,60.73322671837225,1,1,Instabee,1,Paketbox/skåp,6.0,6.0,6.0,1,16110,3346,10108,True,False,0.19904474397946872,7590,False,0.19904474397946872
7102,Leksand ICA Supermarket,Limsjöänget 9,79331,Leksand,Leksand,4. Landsbygdskommuner nära större städer,cac46885-9ad4-4bea-a9de-11b6dd47c9ed,500141.8142516,6733575.02918782,15.002600607865332,60.73772933661009,2,2,Instabee; PostNord,2,Ombud; Paketbox/skåp,5.0,5.0,5.0,2,16110,3346,10108,False,False,0.15496330920936904,5861,False,0.15496330920936904
5627,Leksand OKQ8,Hagagatan 8A,79330,Leksand,Leksand,4. Landsbygdskommuner nära större städer,9f99db01-e5c9-44d0-ae23-1b12636ea8d0,500088.408622399,6732918.14804542,15.001620951318808,60.73183170004304,1,1,Instabee,1,Paketbox/skåp,6.0,6.0,6.0,1,16110,3346,10108,True,False,0.033675455429082256,8760,False,0.033675455429082256
8760,OK/Q8 Leksand,Hagagatan 8,79330,Leksand,Leksand,4. Landsbygdskommuner nära större städer,fabed81e-6c66-42b0-bbd0-002d95930e21,500084.9040248,6732951.64064302,15.001556709899777,60.73213240629689,1,1,Schenker,1,Ombud,5.0,5.0,5.0,1,16110,3346,10108,True,False,0.033675455429082256,5627,False,0.033675455429082256
7959,Postnord Leksand,Järnavägen 11,79333,Leksand,Leksand,4. Landsbygdskommuner nära större städer,e330a5c2-39d8-437e-b78b-cf0e316afb48,499812.916,6732159.617,14.996570584956801,60.72502136789309,2,1,PostNord,2,Egen regi; Paketbox/skåp,5.0,5.0,5.0,2,16110,3346,10108,True,False,0.644277196165002,4424,False,0.7270183607019659
4607,Siljansnäskiosken,Björkbergsvägen 54,79360,Siljansnäs,Leksand,4. Landsbygdskommuner nära större städer,813b2076-6e63-49fc-a105-5f3625e5408a,492633.18,6737883.376,14.864743794835476,60.776342573433766,1,1,PostNord,1,Ombud,5.0,5.0,5.0,1,16110,3346,10108,True,False,0.3156633535740359,1463,False,0.3156633535740359
1463,Tempo Siljansnäs,Björkbergsvägen 60,79360,Siljansnäs,Leksand,4. Landsbygdskommuner nära större städer,280d85a3-440e-4261-82ae-a53499899f98,492390.282105207,6738084.97948582,14.860276281255643,60.77814803879715,3,3,Bring; DHL; Schenker,1,Ombud,5.0,2.0,5.0,3,16110,3346,10108,False,False,0.3156633535740359,4607,False,0.3156633535740359
5698,Tempo Tällberg,Plintsberg Tällbergsvägen 132,79370,Tällberg,Leksand,4. Landsbygdskommuner nära större städer,a1ae29bd-8a54-43df-b9ac-0bebe4531b1b,501041.626,6742485.063,15.019149128715386,60.817724112830206,5,5,Bring; DHL; Instabee; Schenker; TVV,3,Butik (stöd); Ombud; Paketbox/skåp,3.0,1.0,5.0,4,16110,3346,10108,False,False,6.67675189202751,2916,False,6.67675189202751
7714,Coop Nära Fredriksberg,Filipstadsvägen 2,77010,Fredriksberg,Ludvika,2. Täta kommuner nära större städer,dcc454fd-268a-4a28-8605-8b04d59a090b,465161.374,6667248.341,14.372729957853375,60.14071932595552,2,2,PostNord; Schenker,1,Ombud,3.0,1.0,5.0,2,26576,2466,15056,False,False,0.08896643687367245,7518,False,0.08896643687367245
7518,Makken Fredriksberg                ,Ludvikavägen 4,77010,Fredriksberg,Ludvika,2. Täta kommuner nära större städer,d71ac134-1a83-4b53-96d2-42e1fab32d65,465250.295,6667245.498,14.374331355027813,60.14070137091068,2,2,Bring; DHL,1,Ombud,2.5,2.0,3.0,2,26576,2466,15056,False,False,0.08896643687367245,7714,False,0.08896643687367245
2370,ICA Torget (spelbutiken),Gamla vägen 31,77013,Grangärde,Ludvika,2. Täta kommuner nära större städer,4112349a-bfcd-4dd2-88c4-fc450ff955ee,498778.919627601,6680622.05485337,14.977933178385392,60.26228494615505,4,4,Bring; DHL; Instabee; Schenker,2,Ombud; Paketbox/skåp,5.0,2.0,5.0,4,26576,2466,15056,False,False,5.22226413748883,7078,False,5.22226413748883
6676,Grängesberg Coop,Kopparbergsvägen 54,77230,Grängesberg,Ludvika,2. Täta kommuner nära större städer,be957b2f-c8d2-4d1a-a154-fafd6e2049b7,500404.478,6659847.759,15.007268233022904,60.07575352725476,3,3,DHL; Instabee; Schenker,2,Ombud; Paketbox/skåp,5.0,4.0,5.0,3,26576,2466,15056,False,False,0.06262230268817469,3937,False,0.06262230268817469
3937,Grängesberg ICA,Stora Hagvägen 26,77230,Grängesberg,Ludvika,2. Täta kommuner nära större städer,6e1024c1-323d-4295-a08a-05b299c43a2e,500459.815,6659818.444,15.008262540689136,60.075490244849995,4,3,Bring; Instabee; PostNord,2,Ombud; Paketbox/skåp,5.0,4.0,5.0,4,26576,2466,15056,False,False,0.06262230268817469,6676,False,0.06262230268817469
8741,S Karléns Båt & Maskin,Södra Hörksvägen 16,77290,Grängesberg,Ludvika,2. Täta kommuner nära större städer,fa45a61d-d2f0-4dd7-8303-cf3c658d4436,500311.953168799,6658355.50403774,15.005603343290492,60.06235440043343,1,1,Bussgods,1,Ombud,5.0,5.0,5.0,1,26576,2466,15056,True,False,1.4703932991906108,3937,False,1.4703932991906108
7217,Circle K Ludvika,Faluvägen 3,77131,Ludvika,Ludvika,2. Täta kommuner nära större städer,ce3edf79-b908-4d64-8563-3c03d4e3e9f1,510583.494,6668564.832,15.19063044395706,60.15388812201118,2,2,Bring; PostNord,1,Ombud,5.0,5.0,5.0,2,26576,2466,15056,False,False,0.3430361722222838,6040,False,0.3430361722222838
1611,Ludvika Gård Coop,Lärkvägen 19,77140,Ludvika,Ludvika,2. Täta kommuner nära större städer,2be9ccc1-5e0f-4554-b5d1-649fa1293960,510075.592150392,6666094.31727375,15.18135998630684,60.13171816088555,3,2,Instabee; PostNord,2,Ombud; Paketbox/skåp,5.0,5.0,6.0,3,26576,2466,15056,False,False,0.14423031766238129,1273,False,0.14423031766238129
6040,Ludvika ICA Kvantum,Vallaskogsvägen 1,77153,Ludvika,Ludvika,2. Täta kommuner nära större städer,ab933a30-99ea-463c-a6d4-fdb7fcb2cf69,510781.1845,6668284.48885016,15.194176388823486,60.1513657498925,1,1,Instabee,1,Paketbox/skåp,6.0,6.0,6.0,1,26576,2466,15056,True,False,0.29646518796502797,3952,False,0.29646518796502797
2812,Ludvika Stora Coop (A),Granitvägen 2,77141,Ludvika,Ludvika,2. Täta kommuner nära större städer,4de52413-00da-4a25-a1e5-5b5f2a9594a2,508682.955427994,6666533.35358895,15.15631143213077,60.13569223975248,4,4,Bring; DHL; Instabee; PostNord,2,Ombud; Paketbox/skåp,5.0,5.0,6.0,4,26576,2466,15056,False,False,0.16472792102050074,7956,False,1.3022930620229831
7956,Lyviksberget Willys,Glimmervägen 1B,77141,Ludvika,Ludvika,2. Täta kommuner nära större städer,e2fa48ef-8348-4702-8e9a-154f50e70a3e,508611.984827594,6666384.69807495,15.155027538494465,60.13435895672313,1,1,Instabee,1,Paketbox/skåp,5.0,5.0,5.0,1,26576,2466,15056,True,False,0.16472792102050074,2812,False,0.16472792102050074
3952,Marnäs Willys Hemma,Gamla Bangatan 31,77153,Ludvika,Ludvika,2. Täta kommuner nära större städer,6e8f64e1-d739-4b9c-b582-ded28c473f44,511072.043,6668341.873,15.199418029574518,60.151873221925136,2,2,Instabee; PostNord,1,Paketbox/skåp,5.5,5.0,6.0,2,26576,2466,15056,False,False,0.29646518796502797,6040,False,0.5370203358182302
2408,OkQ8 Ludvika,Snöåvägen 18,77142,Ludvika,Ludvika,2. Täta kommuner nära större städer,426c3c1d-f99e-4511-91cf-3960e4283946,509862.28,6665980.94,15.177514920683787,60.13070534358628,2,2,PostNord; Schenker,2,Ombud; Utlämning,5.0,5.0,5.0,2,26576,2466,15056,False,False,0.22912366961102007,1273,False,0.22912366961102007
1273,Paketbox Coop Ludvika Gård,Lärkvägen 28,77140,Ludvika,Ludvika,2. Täta kommuner nära större städer,22b7b598-70c0-49ec-8451-4f218c06345a,510089.406,6665950.75,15.181601530497124,60.130428724189755,1,1,Bring,1,Paketbox/skåp,5.0,5.0,5.0,1,26576,2466,15056,True,False,0.14423031766238129,1611,False,0.14423031766238129
6382,Paketbox Lidl Ludvika,Bergslagsgatan 4,77131,Ludvika,Ludvika,2. Täta kommuner nära större städer,b57e5b7b-c404-4451-8135-c844d554d5c1,510270.176,6668354.082,15.184976349047165,60.152003794947255,1,1,PostNord,1,Paketbox/skåp,5.0,5.0,5.0,1,26576,2466,15056,True,False,0.3776026107219305,7217,False,0.3776026107219305
3603,Paketbox Okq8 Gamla Bangatan,Gamla Bangatan 48,77153,Ludvika,Ludvika,2. Täta kommuner nära större städer,648610b5-d67f-46c3-af9e-1e866456f699,511528.516747992,6668059.67481615,15.20762351964689,60.14932673694618,1,1,PostNord,1,Paketbox/skåp,5.0,5.0,5.0,1,26576,2466,15056,True,False,0.2533857243950032,3409,False,0.5366601322753609
3409,Postnord Ludvika,Verkstadsvägen 6,77153,Ludvika,Ludvika,2. Täta kommuner nära större städer,5f1fa628-3b60-4c1c-b8a7-810b1b655a8a,511692.626,6667866.614,15.210567949333566,60.14758857991536,1,1,PostNord,1,Egen regi,5.0,5.0,5.0,1,26576,2466,15056,True,False,0.2533857243950032,3603,False,0.7816612929969169
4978,Tanka,Tunnelgatan 2,77133,Ludvika,Ludvika,2. Täta kommuner nära större städer,8c074858-da68-4acb-94c3-eb27762c3c0d,509980.813,6667490.855,15.179722358671905,60.14426003924298,3,3,DHL; Schenker; UPS,1,Ombud,5.0,5.0,5.0,3,26576,2466,15056,False,False,0.91043495061311,6382,False,0.91043495061311
7078,Coop Nära,Botbergsvägen 3,77012,Sunnansjö,Ludvika,2. Täta kommuner nära större städer,c9dcbdb7-4dfc-4d4d-862d-68bec1ae69b8,497662.202,6675520.586,14.957811288915424,60.21647431344085,3,3,DHL; PostNord; Schenker,1,Ombud,2.0,2.0,5.0,3,26576,2466,15056,False,False,5.22226413748883,2370,False,5.22226413748883
456,Coop Lima,Kyrkbyn 114C,78064,Lima,Malung-Sälen,6. Landsbygdskommuner mycket avlägset belägna,0ce29c7d-574d-475a-8ead-8015740cb675,411119.694,6756797.696,13.359848522518845,60.936241093529866,1,1,Bring,1,Ombud,5.0,5.0,5.0,1,10209,2628,6734,True,False,0.02692508364030734,4009,False,0.02692508364030734
4009,Coop Lima,Kyrkbyn 114A,78064,Lima,Malung-Sälen,6. Landsbygdskommuner mycket avlägset belägna,70567a6b-b4af-4f7f-9c98-53724d67fbfb,411122.514,6756770.919,13.359912897016397,60.93600142174274,3,3,DHL; PostNord; Schenker,1,Ombud,3.0,2.0,5.0,3,10209,2628,6734,False,False,0.02692508364030734,456,False,0.02692508364030734
4495,Malung Hemköp,Grönlandsvägen 23,78231,Malung,Malung-Sälen,6. Landsbygdskommuner mycket avlägset belägna,7dc85c6d-50cd-4e77-a844-a019780a94eb,429624.0,6728383.0,13.711494992663651,60.68491844085463,1,1,Instabee,1,Paketbox/skåp,6.0,6.0,6.0,1,10209,2628,6734,True,False,0.16769317219254934,920,False,0.16769317219254934
920,Malung ICA,Grönlandsvägen 30,78231,Malung,Malung-Sälen,6. Landsbygdskommuner mycket avlägset belägna,1991e324-1e32-484c-9f07-6a01b4db74bd,429659.0,6728219.0,13.712194451506237,60.68345252636161,4,3,Bring; Instabee; PostNord,2,Ombud; Paketbox/skåp,5.0,5.0,6.0,4,10209,2628,6734,False,False,0.16769317219254934,4495,False,1.1744213223925923
66,Okq8 Malung                        ,Pell Annas väg 3,78234,Malung,Malung-Sälen,6. Landsbygdskommuner mycket avlägset belägna,01fff713-d1a2-43b4-8766-d040eed15e4c,430731.013,6727739.361,13.731984642909989,60.67933439641302,2,2,DHL; Schenker,1,Ombud,5.0,5.0,5.0,2,10209,2628,6734,False,False,1.1744213223925923,920,False,1.1744213223925923
5013,24 FOOD Malungsfors,Gamla Råbergsvägen 1A,78275,Malungsfors,Malung-Sälen,6. Landsbygdskommuner mycket avlägset belägna,8ce1cce6-bace-4669-b9a1-abf4d923205d,421343.0,6734090.0,13.55763885773651,60.73459788261906,1,1,TVV,1,Butik (stöd),,,,0,10209,2628,6734,True,True,10.057077607337034,4495,False,10.057077607337034
720,Ica Nära Rörbäcksnäs,Rörbäcksnäs 71,78066,Rörbäcksnäs,Malung-Sälen,6. Landsbygdskommuner mycket avlägset belägna,140b488c-2de1-4433-8396-072e9bfd020e,382127.961,6779589.644,12.811198295136926,61.13314317008772,1,1,Bring,1,Ombud,5.0,5.0,5.0,1,10209,2628,6734,True,False,10.922555303053114,7330,False,10.922555303053114
1592,Coop Konsum Sälen,Sälenvägen 15,78067,Sälen,Malung-Sälen,6. Landsbygdskommuner mycket avlägset belägna,2b86450a-2f49-4508-a07c-7813f1366711,406725.0,6781375.0,13.26679151113316,61.155780573802346,2,2,DHL; Schenker,1,Ombud,4.0,3.0,5.0,2,10209,2628,6734,False,False,0.04936866587216278,575,False,0.04936866587216278
575,Sälen Coop,Sälenvägen 17,78067,Sälen,Malung-Sälen,6. Landsbygdskommuner mycket avlägset belägna,0fea92ad-0b2c-40e5-ab5c-ca0e6e3a8e50,406720.839,6781424.193,13.266690017728711,61.1562210218422,1,1,Instabee,1,Paketbox/skåp,3.0,3.0,3.0,1,10209,2628,6734,True,False,0.04936866587216278,1592,False,0.04936866587216278
7167,Sälen ICA Nära,Postvägen 2,78067,Sälen,Malung-Sälen,6. Landsbygdskommuner mycket avlägset belägna,cca3dd06-52e2-40c1-a11d-f0a32529533c,406670.0,6781553.0,13.26568239204056,61.15736478615204,3,3,Bring; Instabee; PostNord,2,Ombud; Paketbox/skåp,5.0,3.0,5.0,3,10209,2628,6734,False,False,0.13847688316107298,575,False,0.18630351580150065
7330,Tandådalen Hemköp,Orrlidsvägen 3,78091,Sälen,Malung-Sälen,6. Landsbygdskommuner mycket avlägset belägna,d19bb100-bb19-4643-89ff-dd410f3d800a,391914.0,6784441.0,12.990013327175792,61.17948712461276,1,1,Instabee,1,Paketbox/skåp,3.0,3.0,3.0,1,10209,2628,6734,True,False,10.922555303053114,720,False,10.922555303053114
5553,Handlar'n,Dalenvägen 118,78069,Sörsjön,Malung-Sälen,6. Landsbygdskommuner mycket avlägset belägna,9d72412e-9ed4-4eba-ac61-0a0454d18268,397722.857,6810047.438,13.084000266292659,61.410801102881884,1,1,TVV,1,Butik (stöd),,,,0,10209,2628,6734,True,True,26.25704641985266,7330,False,26.25704641985266
6426,Mora-Noret Willys,Siljanssågsvägen 2,79250,MORA,Mora,3. Täta kommuner avlägset belägna,b6e00dd8-f203-4d88-8328-bf2b010bc539,477704.435,6763832.088,14.587659108595053,61.008749533654516,1,1,Instabee,1,Paketbox/skåp,5.0,5.0,5.0,1,20497,4291,12083,True,False,0.026414768236897576,482,False,0.026414768236897576
1559,Circle K Kristineberg,Kristinebergsgatan 2,79232,Mora,Mora,3. Täta kommuner avlägset belägna,2a901ee4-e90d-43ad-8997-4e9375c4a981,476356.027,6763970.278,14.562705014007086,61.00991164375965,1,1,Schenker,1,Ombud,5.0,5.0,5.0,1,20497,4291,12083,True,False,0.0903307653514965,4509,False,0.0903307653514965
8524,Circle K Tuvan,Brudtallsvägen 2,79232,Mora,Mora,3. Täta kommuner avlägset belägna,f4606f1f-7854-4338-9845-cab040fb002e,475041.0,6764536.0,14.538310763093284,61.014909460564944,3,3,Bring; DHL; PostNord,2,Ombud; Paketbox/skåp,5.0,5.0,5.0,3,20497,4291,12083,False,False,1.0107414147894076,3282,False,1.1013732610586708
6571,Dhl Mora - Jale Ab                 ,Tingsnäsvägen 13,79232,Mora,Mora,3. Täta kommuner avlägset belägna,bb657e02-1bd2-4a5c-acb5-5b683bc0d9f7,475879.522,6763729.342,14.55392271664251,61.00771976399394,1,1,DHL,1,Egen regi,5.0,5.0,5.0,1,20497,4291,12083,True,False,0.1367427253568279,6519,False,0.1367427253568279
3973,H&M Mora C,Kyrkogatan 25B,79230,Mora,Mora,3. Täta kommuner avlägset belägna,6f177b90-4854-4a78-9df6-c4881ba85730,474994.0,6763335.0,14.537598219513267,61.00412438423452,1,1,Instabee,1,Paketbox/skåp,6.0,6.0,6.0,1,20497,4291,12083,True,False,0.10677546534667971,7211,False,0.10677546534667971
5415,Ica Supermarket Mora               ,Kyrkogatan 12,79230,Mora,Mora,3. Täta kommuner avlägset belägna,998af879-4b24-4e65-93a2-16d2a044441f,475047.0,6763465.0,14.538561305318472,61.005294828631655,2,2,DHL; PostNord,2,Ombud; Paketbox/skåp,5.0,5.0,5.0,2,20497,4291,12083,False,False,0.03361547262794322,7211,False,0.03361547262794322
6519,"Jale AB, Mora",Tingsnäsvägen 9,79232,Mora,Mora,3. Täta kommuner avlägset belägna,b9ab0819-b967-4e14-b3c4-2292b3b7803d,475748.09564362,6763691.58374545,14.551497023313432,61.00737272767804,1,1,Bussgods,1,Ombud,5.0,5.0,5.0,1,20497,4291,12083,True,False,0.12717375824771035,3282,False,0.12717375824771035
4509,Kristineberg Circle K,Kristinebergsgatan 1,79232,Mora,Mora,3. Täta kommuner avlägset belägna,7e4fa39e-30fe-4a7f-b366-c5ad3c493b3e,476294.207,6764036.141,14.561553539706756,61.01049922736491,1,1,Instabee,1,Paketbox/skåp,5.0,5.0,5.0,1,20497,4291,12083,True,False,0.0903307653514965,1559,False,0.0903307653514965
482,Mora Färg Och Interiör             ,Skålmyrsvägen 33,79250,Mora,Mora,3. Täta kommuner avlägset belägna,0d9a524b-8afd-43b0-a6ee-5f7fea480563,477709.825,6763806.229,14.58776179955337,61.00851768485151,1,1,DHL,1,Ombud,5.0,5.0,5.0,1,20497,4291,12083,True,False,0.026414768236897576,6426,False,0.026414768236897576
8251,Mora ICA Maxi (A),Siljanssågsvägen 15,79250,Mora,Mora,3. Täta kommuner avlägset belägna,eb80d3e2-c02c-42bb-a81f-2981880e1c57,478153.78,6763534.239,14.596003157679855,61.006100681244405,3,3,Bring; Instabee; PostNord,2,Ombud; Paketbox/skåp,5.0,5.0,6.0,3,20497,4291,12083,False,False,0.520648251821838,482,False,0.520648251821838
7211,Mora ICA Supermarket,Kyrkogatan 14,79230,Mora,Mora,3. Täta kommuner avlägset belägna,ce183f9e-450e-4d21-a6a6-8643f1ebb22c,475034.0,6763434.0,14.538324954605292,61.00501570042023,3,3,Bring; Instabee; PostNord,2,Ombud; Paketbox/skåp,5.0,5.0,6.0,3,20497,4291,12083,False,False,0.03361547262794322,5415,False,0.03361547262794322
7006,Okq8 Mora Yvradsvägen,Yvradsvägen 2,79234,Mora,Mora,3. Täta kommuner avlägset belägna,c8015708-e722-4f8b-8ede-4357a8b999a3,475094.212,6762982.799,14.539497014865322,61.00096879788333,1,1,PostNord,1,Ombud,5.0,5.0,5.0,1,20497,4291,12083,True,False,0.3661802689185295,3973,False,0.3661802689185295
5381,Paketbox Ica Nära Siljan,Svedjärnsvägen 1,79235,Mora,Mora,3. Täta kommuner avlägset belägna,98658ae2-4240-4377-9728-b072b466aea6,474148.824,6762049.816,14.522143512805634,60.992532054447466,1,1,PostNord,1,Paketbox/skåp,5.0,5.0,5.0,1,20497,4291,12083,True,False,1.3282378359439138,7006,False,1.5381873698717206
3282,Postnord Mora,Tingsnäsvägen 5,79232,Mora,Mora,3. Täta kommuner avlägset belägna,5b3e3e0b-ff4d-4977-b3ea-26d39547892f,475622.123,6763709.021,14.549165211496337,61.007521509054754,1,1,PostNord,1,Egen regi,5.0,5.0,5.0,1,20497,4291,12083,True,False,0.12717375824771035,6519,False,0.12717375824771035
5009,Coop Sollerön,Soldvägen 11B,79290,Sollerön,Mora,3. Täta kommuner avlägset belägna,8cc9de97-afe4-4d48-b2a2-6b6f5c06202e,479249.0,6753629.0,14.617325860125218,60.917232971651416,1,1,Bring,1,Ombud,5.0,5.0,5.0,1,20497,4291,12083,True,False,0.019104973174542798,8488,True,0.019104973174542798
8488,Coop Sollerön,Soldvägen 11A,79290,Sollerön,Mora,3. Täta kommuner avlägset belägna,f364fcfc-41c2-47ac-a75a-73646f560b4a,479236.0,6753615.0,14.617087638177772,60.91710660075822,3,3,DHL; PostNord; Schenker,1,Ombud,3.0,1.0,5.0,3,20497,4291,12083,False,False,0.019104973174542798,5009,True,0.019104973174542798
2109,Handlarn Venjan,Tennängsvägen 5,79293,Venjan,Mora,3. Täta kommuner avlägset belägna,39c0c91d-b50d-40e0-a3f7-332aff0954e9,440859.491,6758117.768,13.908099037949121,60.953653590655435,5,5,Bring; DHL; PostNord; Schenker; TVV,2,Butik (stöd); Ombud,1.5,1.0,5.0,4,20497,4291,12083,False,False,20.289219856044216,6295,False,20.296019394425567
6845,Handlar'N Våmhus,Våmhusvägen 40,79296,Våmhus,Mora,3. Täta kommuner avlägset belägna,c3de9921-d4e6-4488-ac33-51507fbf93ba,471630.655,6775576.851,14.47358732534026,61.113797513318474,1,1,PostNord,1,Ombud,5.0,5.0,5.0,1,20497,4291,12083,True,False,7.895850658790604,2893,False,7.895850658790604
999,Circle K Orsa,Lissvägen 2,79434,Orsa,Orsa,5. Landsbygdskommuner avlägset belägna,1b92609d-529c-4fd2-b543-a39d69deda53,479865.772,6775732.752,14.626374448500203,61.11570555401019,1,1,Schenker,1,Ombud,4.0,4.0,4.0,1,6845,1418,4205,True,False,0.06910972557454181,6156,False,0.06910972557454181
2893,Orsa Coop,Järnvägsgatan 3,79430,Orsa,Orsa,5. Landsbygdskommuner avlägset belägna,50564e9b-b43e-458a-81c2-fac00a079515,479512.705,6776043.483,14.619789342169952,61.118476900718484,4,3,Bring; Instabee; PostNord,2,Ombud; Paketbox/skåp,5.0,5.0,5.0,4,6845,1418,4205,False,False,0.4018505855375792,6156,False,0.4703297363018709
4947,Orsahallen ICA,Blästgatan 7,79434,Orsa,Orsa,5. Landsbygdskommuner avlägset belägna,8b35f675-d9d8-493a-b941-039922e4307c,479996.882,6775874.828,14.628792405681537,61.11698774904855,3,3,Bring; DHL; Instabee,2,Ombud; Paketbox/skåp,5.0,5.0,5.0,3,6845,1418,4205,False,False,0.19332724038746119,999,False,0.19332724038746119
6156,Paketbox Willys Hemma Orsa,Moravägen 14,79434,Orsa,Orsa,5. Landsbygdskommuner avlägset belägna,ae9cc9af-f25b-4611-8f15-e87ff9aa433c,479808.609,6775771.592,14.625309589521285,61.11605130805822,1,1,PostNord,1,Paketbox/skåp,5.0,5.0,5.0,1,6845,1418,4205,True,False,0.06910972557454181,999,False,0.06910972557454181
928,Tempo Skattungbyn,Landsvägen 500,79495,Skattungbyn,Orsa,5. Landsbygdskommuner avlägset belägna,19b59d08-16ae-482b-aca0-b6d67789db37,492447.209,6783536.59,14.859532372858682,61.18620932774216,3,3,DHL; Schenker; TVV,2,Butik (stöd); Ombud,2.0,1.0,3.0,2,6845,1418,4205,False,False,14.61893427550635,4947,False,14.61893427550635
6699,Handlarn Boda kyrkby,Boda Björkallén 62,79596,Boda kyrkby,Rättvik,4. Landsbygdskommuner nära större städer,bf3cecb5-bfe9-4caf-aafb-386739dbbf46,511478.984,6764107.971,15.212314701843344,61.01168938107103,3,3,DHL; Schenker; TVV,2,Butik (stöd); Ombud,2.0,1.0,3.0,2,10989,2446,7259,False,False,14.710216637273685,6177,False,14.710216637273685
7914,Bingsjö Lanthandel,Bingsjö Lambornsvägen 15,79026,Enviken,Rättvik,4. Landsbygdskommuner nära större städer,e1bccca6-dc40-47a5-b18d-13a4264edf85,535004.638,6765701.162,15.64771367376135,61.024605854823484,1,1,TVV,1,Butik (stöd),,,,0,10989,2446,7259,True,True,23.57953887781094,6699,False,23.57953887781094
373,Dalfors Lanthandel,Dalfors Dalforsvägen 20,79597,Furudal,Rättvik,4. Landsbygdskommuner nära större städer,0a770e91-f8ef-48cf-9a34-b709273137ef,521730.662,6786749.944,15.404513730799014,61.2145269053787,1,1,TVV,1,Butik (stöd),,,,0,10989,2446,7259,True,True,15.431361812909222,5729,False,15.431361812909222
5729,Furudal Tempo,Furudal Furudalsvägen 831,79571,Furudal,Rättvik,4. Landsbygdskommuner nära större städer,a2c2c729-dfc3-4999-8b87-2cfa27ebca40,507237.715,6781450.754,15.1345280298275,61.167489381548165,5,5,Bring; DHL; Instabee; PostNord; Schenker,2,Ombud; Paketbox/skåp,5.0,1.0,6.0,5,10989,2446,7259,False,False,14.936859762176724,928,False,14.936859762176724
8518,Direkten Wasakiosken,Riksvägen 38,79532,Rättvik,Rättvik,4. Landsbygdskommuner nära större städer,f4360fa0-7613-4f2a-b7da-96a6a9d7017f,506274.449,6749995.774,15.115591876685173,60.88510779499708,2,2,Bring; UPS,1,Ombud,5.0,5.0,5.0,2,10989,2446,7259,False,False,0.18132091652677843,3364,False,0.18132091652677843
3364,Ica Supermarket Fiolen,Vasagatan 2,79530,Rättvik,Rättvik,4. Landsbygdskommuner nära större städer,5dcc40cf-8a0a-4b0d-8804-70f285d8b5c0,506427.59,6749898.691,15.118409901071457,60.884233726792175,1,1,PostNord,1,Ombud,5.0,5.0,5.0,1,10989,2446,7259,True,False,0.146601552054748,8362,False,0.146601552054748
7665,OK/Q8 Rättvik,Riksvägen 26,79532,Rättvik,Rättvik,4. Landsbygdskommuner nära större städer,db739a5a-9037-4e21-854d-6a131b4483b2,506182.079,6750199.122,15.113896688049277,60.88693491281864,1,1,Schenker,1,Ombud,5.0,5.0,5.0,1,10989,2446,7259,True,False,0.20700264262277152,6177,False,0.20700264262277152
6177,Paketbox Circle K Rättvik,Riksvägen 27,79532,Rättvik,Rättvik,4. Landsbygdskommuner nära större städer,af096e01-9375-47c1-98ec-e2a59d8b5f3f,506138.382,6750401.46,15.113098058898236,60.888752190382434,1,1,PostNord,1,Paketbox/skåp,5.0,5.0,5.0,1,10989,2446,7259,True,False,0.04764523083158951,4486,False,0.04764523083158951
2916,Paketskåp (Iboxen) Faluvägen       ,Faluvägen 117,79536,Rättvik,Rättvik,4. Landsbygdskommuner nära större städer,50eb2251-ad0e-4d64-9000-480f26d1e3b0,505661.75,6747305.174,15.10422560487488,60.860960642418206,2,2,DHL; Iboxen,1,Paketbox/skåp,5.5,5.0,6.0,2,10989,2446,7259,False,False,2.5870811290082183,8362,False,2.5870811290082183
4486,Rättvik Circle K,Riksvägen 23,79532,Rättvik,Rättvik,4. Landsbygdskommuner nära större städer,7d7655e3-a6ab-478c-b642-cc3bf3077c1f,506091.237,6750408.346,15.112229643876853,60.88881474031808,1,1,Instabee,1,Paketbox/skåp,5.0,5.0,5.0,1,10989,2446,7259,True,False,0.04764523083158951,6177,False,0.04764523083158951
8362,Rättvik Coop,Storgatan 11,79530,Rättvik,Rättvik,4. Landsbygdskommuner nära större städer,eeedb024-4243-460c-b175-5852b1946742,506476.678,6749760.552,15.11930957477596,60.88299271008266,3,3,Bring; DHL; Instabee,2,Ombud; Paketbox/skåp,5.0,5.0,5.0,3,10989,2446,7259,False,False,0.06023113156836042,647,False,0.146601552054748
647,Rättvik Hemköp,Storgatan 10,79530,Rättvik,Rättvik,4. Landsbygdskommuner nära större städer,11ffb794-4126-450e-ab15-7f79da5f4a7b,506536.237,6749751.579,15.120406429542024,60.88291117285302,1,1,Instabee,1,Paketbox/skåp,6.0,6.0,6.0,1,10989,2446,7259,True,False,0.06023113156836042,8362,False,0.06023113156836042
6773,Vikarbyn Tempo,Stora vägen 21,79570,Vikarbyn,Rättvik,4. Landsbygdskommuner nära större städer,c1c6259f-ee8a-4ec0-a70d-8a15fe5b1c11,501187.149,6752766.228,15.021887472474388,60.91002891882123,4,4,Bring; DHL; Instabee; PostNord,2,Ombud; Paketbox/skåp,5.0,3.0,5.0,4,10989,2446,7259,False,False,5.4414783503813995,4486,False,5.6159913568429625
6579,Ica Supermarket Smedjebacken,Johan Ahlbäcks plats 10,77730,Smedjebacken,Smedjebacken,4. Landsbygdskommuner nära större städer,bbb60b50-67fd-451a-94df-1e7a7e342fe8,522974.578,6667258.953,15.413667040501016,60.14165383117704,2,2,Bring; PostNord,1,Ombud,5.0,5.0,5.0,2,10795,1270,6200,False,False,0.09666062384441912,2281,False,0.09666062384441912
2679,Okq8 Smedjebacken                  ,Bäverstigen 1,77734,Smedjebacken,Smedjebacken,4. Landsbygdskommuner nära större städer,4a65277e-d295-43c9-8986-edb60bee52de,522332.592,6666463.883,15.402021038065582,60.134550604436164,1,1,DHL,1,Ombud,5.0,5.0,5.0,1,10795,1270,6200,True,False,0.08056186006399375,7126,False,0.08056186006399375
5273,Paketbox Macken I Smebacken,Nya Ågatan 10,77732,Smedjebacken,Smedjebacken,4. Landsbygdskommuner nära större städer,94c2b635-3aa0-4a06-8f00-f0f21ccf8d12,522344.942,6667417.717,15.402347917210848,60.14311426291588,1,1,PostNord,1,Paketbox/skåp,5.0,5.0,5.0,1,10795,1270,6200,True,False,0.5691689470184486,2281,False,0.5691689470184486
2281,Smedjebacken Coop,Vasagatan 13,77730,Smedjebacken,Smedjebacken,4. Landsbygdskommuner nära större städer,3e89aeef-7773-4518-8998-f83a9925aeb0,522907.007,6667328.072,15.412458202486901,60.142278232679445,2,2,Instabee; Schenker,2,Ombud; Paketbox/skåp,5.5,5.0,6.0,2,10795,1270,6200,False,False,0.09666062384441912,6579,False,0.09666062384441912
7126,Smedjebacken OKQ8,Bäverstigen 2,77734,Smedjebacken,Smedjebacken,4. Landsbygdskommuner nära större städer,cb5c491e-b4d9-45a2-853a-4345e4146653,522399.511,6666508.739,15.403230576331325,60.134949698375245,1,1,Instabee,1,Paketbox/skåp,5.0,5.0,5.0,1,10795,1270,6200,True,False,0.08056186006399375,2679,False,0.08056186006399375
3169,ICA Bärkehallen,Bärkevägen 29,77760,Söderbärke,Smedjebacken,4. Landsbygdskommuner nära större städer,581648fd-9ee1-4618-ba73-f3dcb2689c80,531020.0,6659342.0,15.557319244501706,60.07003842707567,1,1,Instabee,1,Paketbox/skåp,6.0,6.0,6.0,1,10795,1270,6200,True,False,0.046236558435620675,159,False,0.046236558435620675
159,Ica nära Bärkehallen,Bärkevägen 30,77760,Söderbärke,Smedjebacken,4. Landsbygdskommuner nära större städer,04737cfe-1c9b-49de-9fa7-34cd2721059f,531027.61,6659296.394,15.557449052986684,60.069628366502116,4,4,Bring; DHL; PostNord; Schenker,1,Ombud,5.0,2.0,5.0,4,10795,1270,6200,False,False,0.046236558435620675,3169,False,0.046236558435620675
930,Gustafs ICA Nära,Jaansvägen 2,78161,Gustafs,Säter,4. Landsbygdskommuner nära större städer,19bc38c7-657c-4570-acb4-5ab7467a456b,532580.363,6697587.807,15.591509976152418,60.41330574834068,5,4,Bring; Instabee; PostNord; Schenker,2,Ombud; Paketbox/skåp,5.0,2.0,6.0,5,11194,1759,5859,False,False,6.285640901055194,2044,False,6.285640901055194
5757,Tempo Stora Skedvi,Landsvägen 30,78392,Stora Skedvi,Säter,4. Landsbygdskommuner nära större städer,a399dee1-d049-4d47-89ca-6a1bf4d2989f,544551.188,6696710.0,15.808627737315538,60.40428280034929,4,4,Bring; DHL; PostNord; Schenker,2,Ombud; Utlämning,2.5,2.0,5.0,4,11194,1759,5859,False,False,6.891655192831709,7229,False,7.101107430392022
1275,Coop Säter,Gränsgatan 3A,78330,Säter,Säter,4. Landsbygdskommuner nära större städer,22c5750c-b63a-4a18-93e3-babfed75cba1,541536.0,6690214.0,15.752560052865979,60.34628286197451,2,2,Instabee; Schenker,2,Ombud; Paketbox/skåp,5.5,5.0,6.0,2,11194,1759,5859,False,False,0.17828422707856126,3900,False,0.17828422707856126
7229,Macken I Säter Frendo              ,Bergslagsgatan 32,78334,Säter,Säter,4. Landsbygdskommuner nära större städer,ce88bcc7-b311-432f-bf22-8147f8598c1f,541245.278,6690663.028,15.747385424980363,60.350343935946604,1,1,DHL,1,Ombud,5.0,5.0,5.0,1,11194,1759,5859,True,False,0.10743480438381986,4249,False,0.10743480438381986
4249,Paketbox Willys Hemma Säter,Torggatan 2,78330,Säter,Säter,4. Landsbygdskommuner nära större städer,7705b0d3-15d3-48a0-b561-293edb1a535c,541211.625,6690561.0,15.746754736097705,60.34943135027407,1,1,PostNord,1,Paketbox/skåp,5.0,5.0,5.0,1,11194,1759,5859,True,False,0.10743480438381986,7229,False,0.10743480438381986
3900,Säter ICA,Torggatan 8,78330,Säter,Säter,4. Landsbygdskommuner nära större städer,6d0472b1-7a2f-47d0-975d-c1b035b17014,541410.875,6690341.0,15.75031941904829,60.34743587445304,3,3,Bring; Instabee; PostNord,2,Ombud; Paketbox/skåp,5.0,5.0,6.0,3,11194,1759,5859,False,False,0.17828422707856126,1275,False,0.17828422707856126
3139,Dala-Järna Hemköp,Stationsvägen 2L,78672,Dala-Järna,Vansbro,5. Landsbygdskommuner avlägset belägna,5757535e-797b-46f3-8fba-100d56ac8eeb,465150.855,6712573.341,14.364677083225299,60.54765749226718,1,1,Instabee,1,Paketbox/skåp,5.0,5.0,5.0,1,6730,1363,4237,True,False,0.0880707517057587,6278,False,0.0880707517057587
1357,Dala-Järna ICA ToGo,Myrbacka 88,78672,Dala-Järna,Vansbro,5. Landsbygdskommuner avlägset belägna,253a1961-fbc0-4ced-8d27-5157fb953f34,465278.0,6712693.0,14.366973868002987,60.5487427889637,1,1,Instabee,1,Paketbox/skåp,5.0,5.0,5.0,1,6730,1363,4237,True,False,0.1423370029194835,6278,False,0.1423370029194835
6278,Hemköp Dala-Järna,Myrbacka 80,78672,Dala-Järna,Vansbro,5. Landsbygdskommuner avlägset belägna,b193813f-cb28-4b08-b198-81b32db012cc,465237.32,6712556.6,14.366256223481534,60.547514678465916,4,4,Bring; DHL; PostNord; Schenker,1,Ombud,5.0,5.0,5.0,4,6730,1363,4237,False,False,0.0880707517057587,3139,False,0.0880707517057587
5163,Tempo/Gulf Nås,Sveden 54,78693,Nås,Vansbro,5. Landsbygdskommuner avlägset belägna,91a0e34e-747f-4240-93ae-2d1a62bedf03,472517.0,6701963.0,14.500427868232343,60.45296641805109,2,2,PostNord; Schenker,1,Ombud,5.0,5.0,5.0,2,6730,1363,4237,False,False,12.659989243097034,840,False,12.659989243097034
8720,Ica Supermarket Vansbro,Sågvägen 1A,78633,Vansbro,Vansbro,5. Landsbygdskommuner avlägset belägna,f991ed4d-441c-44a9-8b6e-6a899528f1cf,457869.952,6708441.893,14.232832127718128,60.50986933661787,1,1,Bring,1,Ombud,5.0,5.0,5.0,1,6730,1363,4237,True,False,0.021699890230083365,4747,True,0.021699890230083365
2337,"NÅ Bildelar AB/AD Butik, Vansbro",Bryggaregatan 2,78632,Vansbro,Vansbro,5. Landsbygdskommuner avlägset belägna,3fe37e36-68a6-4b0e-b368-cc584237dc69,457479.887,6708277.295,14.22576524103615,60.50835061153842,1,1,Bussgods,1,Ombud,5.0,5.0,5.0,1,6730,1363,4237,True,False,0.2012618501355939,2729,False,0.2012618501355939
2729,OK/Q8 Vansbro,Älvgatan 2,78633,Vansbro,Vansbro,5. Landsbygdskommuner avlägset belägna,4bb631a7-c070-4f53-88ab-fddcd93700e2,457680.923,6708267.763,14.22942748227469,60.50828621539761,1,1,Schenker,1,Ombud,5.0,5.0,5.0,1,6730,1363,4237,True,False,0.2012618501355939,2337,False,0.2012618501355939
3312,Paketbox Lyko,Äppelbovägen 60,78631,Vansbro,Vansbro,5. Landsbygdskommuner avlägset belägna,5c23f5d1-3016-4d7b-b99d-b14ab71bbe4f,454610.624,6708033.301,14.173581717755313,60.5058468978963,1,1,PostNord,1,Paketbox/skåp,5.0,5.0,5.0,1,6730,1363,4237,True,False,2.769947534324953,4302,False,2.769947534324953
4299,Postnord Vansbro,Järnvägsgatan 25,78631,Vansbro,Vansbro,5. Landsbygdskommuner avlägset belägna,788711be-456b-4fe1-9cd0-56db9d7d1a2b,457509.149,6708558.863,14.226237741307388,60.51088154745391,1,1,PostNord,1,Egen regi,5.0,5.0,5.0,1,6730,1363,4237,True,False,0.2039346609577847,4302,False,0.2039346609577847
4302,Vansbro Coop,Norra Allégatan 26,78631,Vansbro,Vansbro,5. Landsbygdskommuner avlägset belägna,78a61029-df09-4ef9-a744-0e81a2b34ec7,457316.481,6708625.709,14.222715243318131,60.511461292909395,4,3,DHL; Instabee; PostNord,2,Ombud; Paketbox/skåp,5.0,5.0,5.0,4,6730,1363,4237,False,False,0.2039346609577847,4299,False,0.384829619743463
4747,Vansbro ICA,Sågvägen 1B,78633,Vansbro,Vansbro,5. Landsbygdskommuner avlägset belägna,858dbfa5-6c27-48ac-aaf0-705ef1eab062,457889.558,6708451.193,14.233187133317326,60.50995488092501,1,1,Instabee,1,Paketbox/skåp,5.0,5.0,5.0,1,6730,1363,4237,True,False,0.021699890230083365,8720,True,0.021699890230083365
5974,Äppelbo Tempo,Rågsveden 204,78694,Äppelbo,Vansbro,5. Landsbygdskommuner avlägset belägna,a9eaa3fb-9601-42b3-bf7c-b4dd612a40c6,449133.961676499,6704872.63472271,14.074689638341544,60.47681771831059,6,6,Bring; DHL; Instabee; PostNord; Schenker; UPS,2,Ombud; Paketbox/skåp,5.0,2.0,5.0,6,6730,1363,4237,False,False,6.323261936853149,3312,False,9.01366635222391
7385,Coop Idre,Byvägen 23A,79771,Idre,Älvdalen,6. Landsbygdskommuner mycket avlägset belägna,d3022173-9cf6-4222-8f3f-188222efb488,380397.0,6860404.0,12.72678396147554,61.857552053742374,1,1,PostNord,1,Ombud,5.0,5.0,5.0,1,6861,1716,4431,True,False,0.19691247008270482,7023,False,0.19691247008270482
5192,Fjällbua,Grövelsjövägen 378,79792,Idre,Älvdalen,6. Landsbygdskommuner mycket avlägset belägna,928e86a6-9e2a-4d26-a193-a06e8e58741b,359827.0,6883964.0,12.317799819144692,62.061798993292115,1,1,TVV,1,Butik (stöd),,,,0,6861,1716,4431,True,True,22.89435713116046,1223,False,31.023916428920344
1223,Flötningen Supermarket,Flötningen 144,79792,Idre,Älvdalen,6. Landsbygdskommuner mycket avlägset belägna,21629bb6-6c5a-4566-8e69-b0e894ffffb1,353449.256,6861975.913,12.21397690800872,61.862234377018204,1,1,TVV,1,Butik (stöd),,,,0,6861,1716,4431,True,True,22.89435713116046,5192,False,26.669058599959182
7023,Gulf Idre ,Byvägen 24,79771,Idre,Älvdalen,6. Landsbygdskommuner mycket avlägset belägna,c879b5d0-5db8-47fa-983c-400ee67c81de,380216.457,6860482.605,12.723303380897159,61.858200388197716,1,1,Bussgods,1,Ombud,5.0,5.0,5.0,1,6861,1716,4431,True,False,0.143331235116522,8187,False,0.143331235116522
8187,ICA Idre Bua,Hsb-Vägen 1A,79771,Idre,Älvdalen,6. Landsbygdskommuner mycket avlägset belägna,e9ed7122-9957-43fa-9973-c32a54477107,380075.125,6860458.749,12.720635534922682,61.85794194008756,3,3,Bring; DHL; Schenker,1,Ombud,2.0,2.0,5.0,3,6861,1716,4431,False,False,0.143331235116522,7023,False,0.143331235116522
8203,Coop Särna,Särnavägen 121B,79731,Särna,Älvdalen,6. Landsbygdskommuner mycket avlägset belägna,ea53e56f-6b93-4a19-bd68-15a80e39d31f,401687.0,6841375.0,13.141482144185177,61.692911857651644,1,1,Bring,1,Ombud,5.0,5.0,5.0,1,6861,1716,4431,True,False,0.030479501308256343,690,False,0.030479501308256343
690,Coop Särna                         ,Särnavägen 121C,79731,Särna,Älvdalen,6. Landsbygdskommuner mycket avlägset belägna,130da59f-6167-4d55-a037-97367bfc4473,401664.0,6841395.0,13.141036823854312,61.69308540669739,2,2,DHL; PostNord,1,Ombud,5.0,5.0,5.0,2,6861,1716,4431,False,False,0.030479501308256343,8203,False,0.030479501308256343
8160,Okq8,Särnavägen 114,79731,Särna,Älvdalen,6. Landsbygdskommuner mycket avlägset belägna,e9469966-c272-4d8e-bfae-92ecddf0a9df,401706.016,6841428.0,13.141812800295863,61.69339226131103,1,1,Schenker,1,Ombud,2.0,2.0,2.0,1,6861,1716,4431,True,False,0.05342606345221659,690,False,0.05342606345221659
3513,Evertsberg Lifvs,Vasaloppsvägen 1359,79691,Älvdalen,Älvdalen,6. Landsbygdskommuner mycket avlägset belägna,61fa7919-2100-4506-b689-dcbcd0d782fe,443777.0,6778203.0,13.956042190994788,61.13437157265379,1,1,Instabee,1,Paketbox/skåp,3.0,3.0,3.0,1,6861,1716,4431,True,False,0.00848528137423857,6295,True,0.00848528137423857
2873,ICA Olssons,Dalgatan 81G,79630,Älvdalen,Älvdalen,6. Landsbygdskommuner mycket avlägset belägna,4fac615b-7e41-470a-8468-67658107cb74,448250.0,6788734.0,14.036201455434835,61.22951726278779,2,2,Instabee; Schenker,2,Ombud; Paketbox/skåp,3.5,3.0,4.0,2,6861,1716,4431,False,False,0.043057498766035374,1879,False,0.043057498766035374
1879,Ica Supermarket Olssons,Dalgatan 81F,79630,Älvdalen,Älvdalen,6. Landsbygdskommuner mycket avlägset belägna,333d4bbe-321c-419e-a36e-bc19b669f3db,448290.61,6788748.31,14.036953728847136,61.229651087433524,1,1,Bring,1,Ombud,5.0,5.0,5.0,1,6861,1716,4431,True,False,0.029098594467542017,2946,False,0.029098594467542017
2946,Ica Supermarket Olssons,Dalgatan 81A,79630,Älvdalen,Älvdalen,6. Landsbygdskommuner mycket avlägset belägna,51bd271e-a10b-4d18-a8c6-cf36206123b8,448314.0,6788731.0,14.037394023812437,61.2294988000956,1,1,PostNord,1,Ombud,5.0,5.0,5.0,1,6861,1716,4431,True,False,0.029098594467542017,1879,False,0.029098594467542017
6295,Lifvs Evertsberg,Vasaloppsvägen 1357D,79691,Älvdalen,Älvdalen,6. Landsbygdskommuner mycket avlägset belägna,b287f556-f902-46d9-84e7-bcf7d2a1a9b1,443771.0,6778197.0,13.95593258156324,61.13431685571249,1,1,TVV,1,Butik (stöd),,,,0,6861,1716,4431,True,True,0.00848528137423857,3513,True,0.00848528137423857
5544,Nya Älvdalens Bildelar AB,Dalgatan 94,79630,Älvdalen,Älvdalen,6. Landsbygdskommuner mycket avlägset belägna,9d438d72-1219-4213-a3df-404ce9df86f2,448412.299,6788616.459,14.03925580401653,61.22848362455956,3,3,Bussgods; DHL; PostNord,2,Ombud; Paketbox/skåp,5.0,5.0,5.0,3,6861,1716,4431,False,False,0.044634091029141856,6941,False,0.044634091029141856
6941,Älvdalen Coop,Dalgatan 75A,79630,Älvdalen,Älvdalen,6. Landsbygdskommuner mycket avlägset belägna,c6885ffe-bf7b-4419-bcb9-f0c7580490a7,448368.0,6788611.0,14.038432433427332,61.22842877510573,1,1,Instabee,1,Paketbox/skåp,3.0,3.0,3.0,1,6861,1716,4431,True,False,0.044634091029141856,5544,False,0.044634091029141856
