tract_id,municipality,tract,waste_type,date,source_flags
gagnef-1,Gagnef,1,Matavfall,2026-01-06,
gagnef-1,Gagnef,1,Matavfall,2026-01-20,
gagnef-1,Gagnef,1,Matavfall,2026-02-03,
gagnef-1,Gagnef,1,Matavfall,2026-02-17,
gagnef-1,Gagnef,1,Matavfall,2026-03-03,
gagnef-1,Gagnef,1,Matavfall,2026-03-17,
gagnef-1,Gagnef,1,Matavfall,2026-03-31,
gagnef-1,Gagnef,1,Matavfall,2026-04-14,
gagnef-1,Gagnef,1,Matavfall,2026-04-28,
gagnef-1,Gagnef,1,Matavfall,2026-05-12,
gagnef-1,Gagnef,1,Matavfall,2026-05-26,
gagnef-1,Gagnef,1,Matavfall,2026-06-09,
gagnef-1,Gagnef,1,Matavfall,2026-06-23,
gagnef-1,Gagnef,1,Matavfall,2026-07-07,
gagnef-1,Gagnef,1,Matavfall,2026-07-21,
gagnef-1,Gagnef,1,Matavfall,2026-08-04,
gagnef-1,Gagnef,1,Matavfall,2026-08-18,
gagnef-1,Gagnef,1,Matavfall,2026-09-01,
gagnef-1,Gagnef,1,Matavfall,2026-09-15,
gagnef-1,Gagnef,1,Matavfall,2026-09-29,
gagnef-1,Gagnef,1,Matavfall,2026-10-13,
gagnef-1,Gagnef,1,Matavfall,2026-10-27,
gagnef-1,Gagnef,1,Matavfall,2026-11-10,
gagnef-1,Gagnef,1,Matavfall,2026-11-24,
gagnef-1,Gagnef,1,Matavfall,2026-12-08,
gagnef-1,Gagnef,1,Matavfall,2026-12-22,
gagnef-1,Gagnef,1,Restavfall,2026-02-03,
gagnef-1,Gagnef,1,Restavfall,2026-03-17,
gagnef-1,Gagnef,1,Restavfall,2026-04-28,
gagnef-1,Gagnef,1,Restavfall,2026-06-09,
gagnef-1,Gagnef,1,Restavfall,2026-07-21,
gagnef-1,Gagnef,1,Restavfall,2026-09-01,
gagnef-1,Gagnef,1,Restavfall,2026-10-13,
gagnef-1,Gagnef,1,Restavfall,2026-11-24,
gagnef-1,Gagnef,1,Plastförpackningar,2026-01-06,källstavning:jebruari
gagnef-1,Gagnef,1,Plastförpackningar,2026-02-17,källstavning:jebruari
gagnef-1,Gagnef,1,Plastförpackningar,2026-03-31,källstavning:jebruari
gagnef-1,Gagnef,1,Plastförpackningar,2026-05-12,källstavning:jebruari
gagnef-1,Gagnef,1,Plastförpackningar,2026-06-23,källstavning:jebruari
gagnef-1,Gagnef,1,Plastförpackningar,2026-08-04,källstavning:jebruari
gagnef-1,Gagnef,1,Plastförpackningar,2026-09-15,källstavning:jebruari
gagnef-1,Gagnef,1,Plastförpackningar,2026-10-27,källstavning:jebruari
gagnef-1,Gagnef,1,Plastförpackningar,2026-12-08,källstavning:jebruari
gagnef-1,Gagnef,1,Pappersförpackningar,2026-01-20,
gagnef-1,Gagnef,1,Pappersförpackningar,2026-03-03,
gagnef-1,Gagnef,1,Pappersförpackningar,2026-04-14,
gagnef-1,Gagnef,1,Pappersförpackningar,2026-05-26,
gagnef-1,Gagnef,1,Pappersförpackningar,2026-07-07,
gagnef-1,Gagnef,1,Pappersförpackningar,2026-08-18,
gagnef-1,Gagnef,1,Pappersförpackningar,2026-09-29,
gagnef-1,Gagnef,1,Pappersförpackningar,2026-11-10,
gagnef-1,Gagnef,1,Pappersförpackningar,2026-12-22,
gagnef-2,Gagnef,2,Matavfall,2026-01-07,
gagnef-2,Gagnef,2,Matavfall,2026-01-21,
gagnef-2,Gagnef,2,Matavfall,2026-02-04,
gagnef-2,Gagnef,2,Matavfall,2026-02-18,
gagnef-2,Gagnef,2,Matavfall,2026-03-04,
gagnef-2,Gagnef,2,Matavfall,2026-03-18,
gagnef-2,Gagnef,2,Matavfall,2026-04-01,
gagnef-2,Gagnef,2,Matavfall,2026-04-15,
gagnef-2,Gagnef,2,Matavfall,2026-04-29,
gagnef-2,Gagnef,2,Matavfall,2026-05-13,
gagnef-2,Gagnef,2,Matavfall,2026-05-27,
gagnef-2,Gagnef,2,Matavfall,2026-06-10,
gagnef-2,Gagnef,2,Matavfall,2026-06-24,
gagnef-2,Gagnef,2,Matavfall,2026-07-08,
gagnef-2,Gagnef,2,Matavfall,2026-07-22,
gagnef-2,Gagnef,2,Matavfall,2026-08-05,
gagnef-2,Gagnef,2,Matavfall,2026-08-19,
gagnef-2,Gagnef,2,Matavfall,2026-09-02,
gagnef-2,Gagnef,2,Matavfall,2026-09-16,
gagnef-2,Gagnef,2,Matavfall,2026-09-30,
gagnef-2,Gagnef,2,Matavfall,2026-10-14,
gagnef-2,Gagnef,2,Matavfall,2026-10-28,
gagnef-2,Gagnef,2,Matavfall,2026-11-11,
gagnef-2,Gagnef,2,Matavfall,2026-11-25,
gagnef-2,Gagnef,2,Matavfall,2026-12-09,
gagnef-2,Gagnef,2,Matavfall,2026-12-23,
gagnef-2,Gagnef,2,Restavfall,2026-01-21,
gagnef-2,Gagnef,2,Restavfall,2026-03-04,
gagnef-2,Gagnef,2,Restavfall,2026-04-15,
gagnef-2,Gagnef,2,Restavfall,2026-05-27,
gagnef-2,Gagnef,2,Restavfall,2026-07-08,
gagnef-2,Gagnef,2,Restavfall,2026-08-19,
gagnef-2,Gagnef,2,Restavfall,2026-09-30,
gagnef-2,Gagnef,2,Restavfall,2026-11-11,
gagnef-2,Gagnef,2,Restavfall,2026-12-23,
gagnef-2,Gagnef,2,Plastförpackningar,2026-02-04,
gagnef-2,Gagnef,2,Plastförpackningar,2026-03-18,
gagnef-2,Gagnef,2,Plastförpackningar,2026-04-29,
gagnef-2,Gagnef,2,Plastförpackningar,2026-06-10,
gagnef-2,Gagnef,2,Plastförpackningar,2026-07-22,
gagnef-2,Gagnef,2,Plastförpackningar,2026-09-02,
gagnef-2,Gagnef,2,Plastförpackningar,2026-10-14,
gagnef-2,Gagnef,2,Plastförpackningar,2026-11-25,
gagnef-2,Gagnef,2,Pappersförpackningar,2026-01-07,
gagnef-2,Gagnef,2,Pappersförpackningar,2026-02-18,
gagnef-2,Gagnef,2,Pappersförpackningar,2026-04-01,
gagnef-2,Gagnef,2,Pappersförpackningar,2026-05-13,
gagnef-2,Gagnef,2,Pappersförpackningar,2026-06-24,
gagnef-2,Gagnef,2,Pappersförpackningar,2026-08-05,
gagnef-2,Gagnef,2,Pappersförpackningar,2026-09-16,
gagnef-2,Gagnef,2,Pappersförpackningar,2026-10-28,
gagnef-2,Gagnef,2,Pappersförpackningar,2026-12-09,
gagnef-3,Gagnef,3,Matavfall,2026-01-09,
gagnef-3,Gagnef,3,Matavfall,2026-01-23,
gagnef-3,Gagnef,3,Matavfall,2026-02-06,
gagnef-3,Gagnef,3,Matavfall,2026-02-20,
gagnef-3,Gagnef,3,Matavfall,2026-03-06,
gagnef-3,Gagnef,3,Matavfall,2026-03-20,
gagnef-3,Gagnef,3,Matavfall,2026-04-03,
gagnef-3,Gagnef,3,Matavfall,2026-04-17,
gagnef-3,Gagnef,3,Matavfall,2026-05-01,
gagnef-3,Gagnef,3,Matavfall,2026-05-15,
gagnef-3,Gagnef,3,Matavfall,2026-05-29,
gagnef-3,Gagnef,3,Matavfall,2026-06-12,
gagnef-3,Gagnef,3,Matavfall,2026-06-26,
gagnef-3,Gagnef,3,Matavfall,2026-07-10,
gagnef-3,Gagnef,3,Matavfall,2026-07-24,
gagnef-3,Gagnef,3,Matavfall,2026-08-07,
gagnef-3,Gagnef,3,Matavfall,2026-08-21,
gagnef-3,Gagnef,3,Matavfall,2026-09-04,
gagnef-3,Gagnef,3,Matavfall,2026-09-18,
gagnef-3,Gagnef,3,Matavfall,2026-10-02,
gagnef-3,Gagnef,3,Matavfall,2026-10-16,
gagnef-3,Gagnef,3,Matavfall,2026-10-30,
gagnef-3,Gagnef,3,Matavfall,2026-11-13,
gagnef-3,Gagnef,3,Matavfall,2026-11-27,
gagnef-3,Gagnef,3,Matavfall,2026-12-11,
gagnef-3,Gagnef,3,Matavfall,2026-12-25,
gagnef-3,Gagnef,3,Restavfall,2026-02-06,
gagnef-3,Gagnef,3,Restavfall,2026-03-20,
gagnef-3,Gagnef,3,Restavfall,2026-05-01,
gagnef-3,Gagnef,3,Restavfall,2026-06-12,
gagnef-3,Gagnef,3,Restavfall,2026-07-24,
gagnef-3,Gagnef,3,Restavfall,2026-09-04,
gagnef-3,Gagnef,3,Restavfall,2026-10-16,
gagnef-3,Gagnef,3,Restavfall,2026-11-27,
gagnef-3,Gagnef,3,Plastförpackningar,2026-01-09,
gagnef-3,Gagnef,3,Plastförpackningar,2026-02-20,
gagnef-3,Gagnef,3,Plastförpackningar,2026-04-03,
gagnef-3,Gagnef,3,Plastförpackningar,2026-05-15,
gagnef-3,Gagnef,3,Plastförpackningar,2026-06-26,
gagnef-3,Gagnef,3,Plastförpackningar,2026-08-07,
gagnef-3,Gagnef,3,Plastförpackningar,2026-09-18,
gagnef-3,Gagnef,3,Plastförpackningar,2026-10-30,
gagnef-3,Gagnef,3,Plastförpackningar,2026-12-11,
gagnef-3,Gagnef,3,Pappersförpackningar,2026-01-23,
gagnef-3,Gagnef,3,Pappersförpackningar,2026-03-06,
gagnef-3,Gagnef,3,Pappersförpackningar,2026-04-17,
gagnef-3,Gagnef,3,Pappersförpackningar,2026-05-29,
gagnef-3,Gagnef,3,Pappersförpackningar,2026-07-10,
gagnef-3,Gagnef,3,Pappersförpackningar,2026-08-21,
gagnef-3,Gagnef,3,Pappersförpackningar,2026-10-02,
gagnef-3,Gagnef,3,Pappersförpackningar,2026-11-13,
gagnef-3,Gagnef,3,Pappersförpackningar,2026-12-25,
gagnef-4,Gagnef,4,Matavfall,2026-01-12,
gagnef-4,Gagnef,4,Matavfall,2026-01-26,
gagnef-4,Gagnef,4,Matavfall,2026-02-09,
gagnef-4,Gagnef,4,Matavfall,2026-02-23,
gagnef-4,Gagnef,4,Matavfall,2026-03-09,
gagnef-4,Gagnef,4,Matavfall,2026-03-23,
gagnef-4,Gagnef,4,Matavfall,2026-04-06,
gagnef-4,Gagnef,4,Matavfall,2026-04-20,
gagnef-4,Gagnef,4,Matavfall,2026-05-04,
gagnef-4,Gagnef,4,Matavfall,2026-05-18,
gagnef-4,Gagnef,4,Matavfall,2026-06-01,
gagnef-4,Gagnef,4,Matavfall,2026-06-15,
gagnef-4,Gagnef,4,Matavfall,2026-06-29,
gagnef-4,Gagnef,4,Matavfall,2026-07-13,
gagnef-4,Gagnef,4,Matavfall,2026-07-27,
gagnef-4,Gagnef,4,Matavfall,2026-08-10,
gagnef-4,Gagnef,4,Matavfall,2026-08-24,
gagnef-4,Gagnef,4,Matavfall,2026-09-07,
gagnef-4,Gagnef,4,Matavfall,2026-09-21,
gagnef-4,Gagnef,4,Matavfall,2026-10-05,
gagnef-4,Gagnef,4,Matavfall,2026-10-19,
gagnef-4,Gagnef,4,Matavfall,2026-11-02,
gagnef-4,Gagnef,4,Matavfall,2026-11-16,
gagnef-4,Gagnef,4,Matavfall,2026-11-30,
gagnef-4,Gagnef,4,Matavfall,2026-12-14,
gagnef-4,Gagnef,4,Matavfall,2026-12-28,
gagnef-4,Gagnef,4,Restavfall,2026-01-26,
gagnef-4,Gagnef,4,Restavfall,2026-03-09,
gagnef-4,Gagnef,4,Restavfall,2026-04-20,
gagnef-4,Gagnef,4,Restavfall,2026-06-01,
gagnef-4,Gagnef,4,Restavfall,2026-07-13,
gagnef-4,Gagnef,4,Restavfall,2026-08-24,
gagnef-4,Gagnef,4,Restavfall,2026-10-05,
gagnef-4,Gagnef,4,Restavfall,2026-11-16,
gagnef-4,Gagnef,4,Restavfall,2026-12-28,
gagnef-4,Gagnef,4,Plastförpackningar,2026-02-09,
gagnef-4,Gagnef,4,Plastförpackningar,2026-03-23,
gagnef-4,Gagnef,4,Plastförpackningar,2026-05-04,
gagnef-4,Gagnef,4,Plastförpackningar,2026-06-15,
gagnef-4,Gagnef,4,Plastförpackningar,2026-07-27,
gagnef-4,Gagnef,4,Plastförpackningar,2026-09-07,
gagnef-4,Gagnef,4,Plastförpackningar,2026-10-19,
gagnef-4,Gagnef,4,Plastförpackningar,2026-11-30,
gagnef-4,Gagnef,4,Pappersförpackningar,2026-01-12,
gagnef-4,Gagnef,4,Pappersförpackningar,2026-02-23,
gagnef-4,Gagnef,4,Pappersförpackningar,2026-04-06,
gagnef-4,Gagnef,4,Pappersförpackningar,2026-05-18,
gagnef-4,Gagnef,4,Pappersförpackningar,2026-06-29,
gagnef-4,Gagnef,4,Pappersförpackningar,2026-08-10,
gagnef-4,Gagnef,4,Pappersförpackningar,2026-09-21,
gagnef-4,Gagnef,4,Pappersförpackningar,2026-11-02,
gagnef-4,Gagnef,4,Pappersförpackningar,2026-12-14,
gagnef-5,Gagnef,5,Matavfall,2026-01-13,
gagnef-5,Gagnef,5,Matavfall,2026-01-27,
gagnef-5,Gagnef,5,Matavfall,2026-02-10,
gagnef-5,Gagnef,5,Matavfall,2026-02-24,
gagnef-5,Gagnef,5,Matavfall,2026-03-10,
gagnef-5,Gagnef,5,Matavfall,2026-03-24,
gagnef-5,Gagnef,5,Matavfall,2026-04-07,
gagnef-5,Gagnef,5,Matavfall,2026-04-21,
gagnef-5,Gagnef,5,Matavfall,2026-05-05,
gagnef-5,Gagnef,5,Matavfall,2026-05-19,
gagnef-5,Gagnef,5,Matavfall,2026-06-02,
gagnef-5,Gagnef,5,Matavfall,2026-06-16,
gagnef-5,Gagnef,5,Matavfall,2026-06-30,
gagnef-5,Gagnef,5,Matavfall,2026-07-14,
gagnef-5,Gagnef,5,Matavfall,2026-07-28,
gagnef-5,Gagnef,5,Matavfall,2026-08-11,
gagnef-5,Gagnef,5,Matavfall,2026-08-25,
gagnef-5,Gagnef,5,Matavfall,2026-09-08,
gagnef-5,Gagnef,5,Matavfall,2026-09-22,
gagnef-5,Gagnef,5,Matavfall,2026-10-06,
gagnef-5,Gagnef,5,Matavfall,2026-10-20,
gagnef-5,Gagnef,5,Matavfall,2026-11-03,
gagnef-5,Gagnef,5,Matavfall,2026-11-17,
gagnef-5,Gagnef,5,Matavfall,2026-12-01,
gagnef-5,Gagnef,5,Matavfall,2026-12-15,
gagnef-5,Gagnef,5,Matavfall,2026-12-29,
gagnef-5,Gagnef,5,Restavfall,2026-01-13,
gagnef-5,Gagnef,5,Restavfall,2026-02-24,
gagnef-5,Gagnef,5,Restavfall,2026-04-07,
gagnef-5,Gagnef,5,Restavfall,2026-05-19,
gagnef-5,Gagnef,5,Restavfall,2026-06-30,
gagnef-5,Gagnef,5,Restavfall,2026-08-11,
gagnef-5,Gagnef,5,Restavfall,2026-09-22,
gagnef-5,Gagnef,5,Restavfall,2026-11-03,
gagnef-5,Gagnef,5,Restavfall,2026-12-15,
gagnef-5,Gagnef,5,Plastförpackningar,2026-01-27,
gagnef-5,Gagnef,5,Plastförpackningar,2026-03-10,
gagnef-5,Gagnef,5,Plastförpackningar,2026-04-21,
gagnef-5,Gagnef,5,Plastförpackningar,2026-06-02,
gagnef-5,Gagnef,5,Plastförpackningar,2026-07-14,
gagnef-5,Gagnef,5,Plastförpackningar,2026-08-25,
gagnef-5,Gagnef,5,Plastförpackningar,2026-10-06,
gagnef-5,Gagnef,5,Plastförpackningar,2026-11-17,
gagnef-5,Gagnef,5,Plastförpackningar,2026-12-29,
gagnef-5,Gagnef,5,Pappersförpackningar,2026-02-10,
gagnef-5,Gagnef,5,Pappersförpackningar,2026-03-24,
gagnef-5,Gagnef,5,Pappersförpackningar,2026-05-05,
gagnef-5,Gagnef,5,Pappersförpackningar,2026-06-16,
gagnef-5,Gagnef,5,Pappersförpackningar,2026-07-28,
gagnef-5,Gagnef,5,Pappersförpackningar,2026-09-08,
gagnef-5,Gagnef,5,Pappersförpackningar,2026-10-20,
gagnef-5,Gagnef,5,Pappersförpackningar,2026-12-01,
gagnef-6,Gagnef,6,Matavfall,2026-01-14,källstavning:jebruari
gagnef-6,Gagnef,6,Matavfall,2026-01-28,källstavning:jebruari
gagnef-6,Gagnef,6,Matavfall,2026-02-11,källstavning:jebruari
gagnef-6,Gagnef,6,Matavfall,2026-02-25,källstavning:jebruari
gagnef-6,Gagnef,6,Matavfall,2026-03-11,källstavning:jebruari
gagnef-6,Gagnef,6,Matavfall,2026-03-25,källstavning:jebruari
gagnef-6,Gagnef,6,Matavfall,2026-04-08,källstavning:jebruari
gagnef-6,Gagnef,6,Matavfall,2026-04-22,källstavning:jebruari
gagnef-6,Gagnef,6,Matavfall,2026-05-06,källstavning:jebruari
gagnef-6,Gagnef,6,Matavfall,2026-05-20,källstavning:jebruari
gagnef-6,Gagnef,6,Matavfall,2026-06-03,källstavning:jebruari
gagnef-6,Gagnef,6,Matavfall,2026-06-17,källstavning:jebruari
gagnef-6,Gagnef,6,Matavfall,2026-07-01,källstavning:jebruari
gagnef-6,Gagnef,6,Matavfall,2026-07-15,källstavning:jebruari
gagnef-6,Gagnef,6,Matavfall,2026-07-29,källstavning:jebruari
gagnef-6,Gagnef,6,Matavfall,2026-08-12,källstavning:jebruari
gagnef-6,Gagnef,6,Matavfall,2026-08-26,källstavning:jebruari
gagnef-6,Gagnef,6,Matavfall,2026-09-09,källstavning:jebruari
gagnef-6,Gagnef,6,Matavfall,2026-09-23,källstavning:jebruari
gagnef-6,Gagnef,6,Matavfall,2026-10-07,källstavning:jebruari
gagnef-6,Gagnef,6,Matavfall,2026-10-21,källstavning:jebruari
gagnef-6,Gagnef,6,Matavfall,2026-11-04,källstavning:jebruari
gagnef-6,Gagnef,6,Matavfall,2026-11-18,källstavning:jebruari
gagnef-6,Gagnef,6,Matavfall,2026-12-02,källstavning:jebruari
gagnef-6,Gagnef,6,Matavfall,2026-12-16,källstavning:jebruari
gagnef-6,Gagnef,6,Matavfall,2026-12-30,källstavning:jebruari
gagnef-6,Gagnef,6,Restavfall,2026-02-11,
gagnef-6,Gagnef,6,Restavfall,2026-03-25,
gagnef-6,Gagnef,6,Restavfall,2026-05-06,
gagnef-6,Gagnef,6,Restavfall,2026-06-17,
gagnef-6,Gagnef,6,Restavfall,2026-07-29,
gagnef-6,Gagnef,6,Restavfall,2026-09-09,
gagnef-6,Gagnef,6,Restavfall,2026-10-21,
gagnef-6,Gagnef,6,Restavfall,2026-12-02,
gagnef-6,Gagnef,6,Plastförpackningar,2026-01-14,
gagnef-6,Gagnef,6,Plastförpackningar,2026-02-25,
gagnef-6,Gagnef,6,Plastförpackningar,2026-04-08,
gagnef-6,Gagnef,6,Plastförpackningar,2026-05-20,
gagnef-6,Gagnef,6,Plastförpackningar,2026-07-01,
gagnef-6,Gagnef,6,Plastförpackningar,2026-08-12,
gagnef-6,Gagnef,6,Plastförpackningar,2026-09-23,
gagnef-6,Gagnef,6,Plastförpackningar,2026-11-04,
gagnef-6,Gagnef,6,Plastförpackningar,2026-12-16,
gagnef-6,Gagnef,6,Pappersförpackningar,2026-01-28,
gagnef-6,Gagnef,6,Pappersförpackningar,2026-03-11,
gagnef-6,Gagnef,6,Pappersförpackningar,2026-04-22,
gagnef-6,Gagnef,6,Pappersförpackningar,2026-06-03,
gagnef-6,Gagnef,6,Pappersförpackningar,2026-07-15,
gagnef-6,Gagnef,6,Pappersförpackningar,2026-08-26,
gagnef-6,Gagnef,6,Pappersförpackningar,2026-10-07,
gagnef-6,Gagnef,6,Pappersförpackningar,2026-11-18,
gagnef-6,Gagnef,6,Pappersförpackningar,2026-12-30,
gagnef-7,Gagnef,7,Matavfall,2026-01-01,
gagnef-7,Gagnef,7,Matavfall,2026-01-15,
gagnef-7,Gagnef,7,Matavfall,2026-01-29,
gagnef-7,Gagnef,7,Matavfall,2026-02-12,
gagnef-7,Gagnef,7,Matavfall,2026-02-26,
gagnef-7,Gagnef,7,Matavfall,2026-03-12,
gagnef-7,Gagnef,7,Matavfall,2026-03-26,
gagnef-7,Gagnef,7,Matavfall,2026-04-09,
gagnef-7,Gagnef,7,Matavfall,2026-04-23,
gagnef-7,Gagnef,7,Matavfall,2026-05-07,
gagnef-7,Gagnef,7,Matavfall,2026-05-21,
gagnef-7,Gagnef,7,Matavfall,2026-06-04,
gagnef-7,Gagnef,7,Matavfall,2026-06-18,
gagnef-7,Gagnef,7,Matavfall,2026-07-02,
gagnef-7,Gagnef,7,Matavfall,2026-07-16,
gagnef-7,Gagnef,7,Matavfall,2026-07-30,
gagnef-7,Gagnef,7,Matavfall,2026-08-13,
gagnef-7,Gagnef,7,Matavfall,2026-08-27,
gagnef-7,Gagnef,7,Matavfall,2026-09-10,
gagnef-7,Gagnef,7,Matavfall,2026-09-24,
gagnef-7,Gagnef,7,Matavfall,2026-10-08,
gagnef-7,Gagnef,7,Matavfall,2026-10-22,
gagnef-7,Gagnef,7,Matavfall,2026-11-05,
gagnef-7,Gagnef,7,Matavfall,2026-11-19,
gagnef-7,Gagnef,7,Matavfall,2026-12-03,
gagnef-7,Gagnef,7,Matavfall,2026-12-17,
gagnef-7,Gagnef,7,Matavfall,2026-12-31,
gagnef-7,Gagnef,7,Restavfall,2026-01-29,
gagnef-7,Gagnef,7,Restavfall,2026-03-12,
gagnef-7,Gagnef,7,Restavfall,2026-04-23,
gagnef-7,Gagnef,7,Restavfall,2026-06-04,
gagnef-7,Gagnef,7,Restavfall,2026-07-16,
gagnef-7,Gagnef,7,Restavfall,2026-08-27,
gagnef-7,Gagnef,7,Restavfall,2026-10-08,
gagnef-7,Gagnef,7,Restavfall,2026-11-19,
gagnef-7,Gagnef,7,Restavfall,2026-12-31,
gagnef-7,Gagnef,7,Plastförpackningar,2026-01-01,
gagnef-7,Gagnef,7,Plastförpackningar,2026-02-12,
gagnef-7,Gagnef,7,Plastförpackningar,2026-03-26,
gagnef-7,Gagnef,7,Plastförpackningar,2026-05-07,
gagnef-7,Gagnef,7,Plastförpackningar,2026-06-18,
gagnef-7,Gagnef,7,Plastförpackningar,2026-07-30,
gagnef-7,Gagnef,7,Plastförpackningar,2026-09-10,
gagnef-7,Gagnef,7,Plastförpackningar,2026-10-22,
gagnef-7,Gagnef,7,Plastförpackningar,2026-12-03,
gagnef-7,Gagnef,7,Pappersförpackningar,2026-01-15,
gagnef-7,Gagnef,7,Pappersförpackningar,2026-02-26,
gagnef-7,Gagnef,7,Pappersförpackningar,2026-04-09,
gagnef-7,Gagnef,7,Pappersförpackningar,2026-05-21,
gagnef-7,Gagnef,7,Pappersförpackningar,2026-07-02,
gagnef-7,Gagnef,7,Pappersförpackningar,2026-08-13,
gagnef-7,Gagnef,7,Pappersförpackningar,2026-09-24,
gagnef-7,Gagnef,7,Pappersförpackningar,2026-11-05,
gagnef-7,Gagnef,7,Pappersförpackningar,2026-12-17,
gagnef-8,Gagnef,8,Matavfall,2026-01-02,
gagnef-8,Gagnef,8,Matavfall,2026-01-16,
gagnef-8,Gagnef,8,Matavfall,2026-01-30,
gagnef-8,Gagnef,8,Matavfall,2026-02-13,
gagnef-8,Gagnef,8,Matavfall,2026-02-27,
gagnef-8,Gagnef,8,Matavfall,2026-03-13,
gagnef-8,Gagnef,8,Matavfall,2026-03-27,
gagnef-8,Gagnef,8,Matavfall,2026-04-10,
gagnef-8,Gagnef,8,Matavfall,2026-04-24,
gagnef-8,Gagnef,8,Matavfall,2026-05-08,
gagnef-8,Gagnef,8,Matavfall,2026-05-22,
gagnef-8,Gagnef,8,Matavfall,2026-06-05,
gagnef-8,Gagnef,8,Matavfall,2026-06-19,
gagnef-8,Gagnef,8,Matavfall,2026-07-03,
gagnef-8,Gagnef,8,Matavfall,2026-07-17,
gagnef-8,Gagnef,8,Matavfall,2026-07-31,
gagnef-8,Gagnef,8,Matavfall,2026-08-14,
gagnef-8,Gagnef,8,Matavfall,2026-08-28,
gagnef-8,Gagnef,8,Matavfall,2026-09-11,
gagnef-8,Gagnef,8,Matavfall,2026-09-25,
gagnef-8,Gagnef,8,Matavfall,2026-10-09,
gagnef-8,Gagnef,8,Matavfall,2026-10-23,
gagnef-8,Gagnef,8,Matavfall,2026-11-06,
gagnef-8,Gagnef,8,Matavfall,2026-11-20,
gagnef-8,Gagnef,8,Matavfall,2026-12-04,
gagnef-8,Gagnef,8,Matavfall,2026-12-18,
gagnef-8,Gagnef,8,Matavfall,2026-01-01,datum_avviker_från_angiven_veckodag
gagnef-8,Gagnef,8,Restavfall,2026-01-16,
gagnef-8,Gagnef,8,Restavfall,2026-02-27,
gagnef-8,Gagnef,8,Restavfall,2026-03-10,datum_avviker_från_angiven_veckodag
gagnef-8,Gagnef,8,Restavfall,2026-05-22,
gagnef-8,Gagnef,8,Restavfall,2026-07-03,
gagnef-8,Gagnef,8,Restavfall,2026-08-14,
gagnef-8,Gagnef,8,Restavfall,2026-09-25,
gagnef-8,Gagnef,8,Restavfall,2026-11-06,
gagnef-8,Gagnef,8,Restavfall,2026-12-18,
gagnef-8,Gagnef,8,Plastförpackningar,2026-01-30,
gagnef-8,Gagnef,8,Plastförpackningar,2026-03-13,
gagnef-8,Gagnef,8,Plastförpackningar,2026-04-24,
gagnef-8,Gagnef,8,Plastförpackningar,2026-06-05,
gagnef-8,Gagnef,8,Plastförpackningar,2026-07-17,
gagnef-8,Gagnef,8,Plastförpackningar,2026-08-28,
gagnef-8,Gagnef,8,Plastförpackningar,2026-10-09,
gagnef-8,Gagnef,8,Plastförpackningar,2026-11-20,
gagnef-8,Gagnef,8,Plastförpackningar,2026-12-01,datum_avviker_från_angiven_veckodag
gagnef-8,Gagnef,8,Pappersförpackningar,2026-01-02,källstavning:jebruari
gagnef-8,Gagnef,8,Pappersförpackningar,2026-02-13,källstavning:jebruari
gagnef-8,Gagnef,8,Pappersförpackningar,2026-03-27,källstavning:jebruari
gagnef-8,Gagnef,8,Pappersförpackningar,2026-05-08,källstavning:jebruari
gagnef-8,Gagnef,8,Pappersförpackningar,2026-06-19,källstavning:jebruari
gagnef-8,Gagnef,8,Pappersförpackningar,2026-07-31,källstavning:jebruari
gagnef-8,Gagnef,8,Pappersförpackningar,2026-09-11,källstavning:jebruari
gagnef-8,Gagnef,8,Pappersförpackningar,2026-10-23,källstavning:jebruari
gagnef-8,Gagnef,8,Pappersförpackningar,2026-12-04,källstavning:jebruari
gagnef-9,Gagnef,9,Matavfall,2026-01-05,
gagnef-9,Gagnef,9,Matavfall,2026-01-19,
gagnef-9,Gagnef,9,Matavfall,2026-02-02,
gagnef-9,Gagnef,9,Matavfall,2026-02-16,
gagnef-9,Gagnef,9,Matavfall,2026-03-02,
gagnef-9,Gagnef,9,Matavfall,2026-03-16,
gagnef-9,Gagnef,9,Matavfall,2026-03-30,
gagnef-9,Gagnef,9,Matavfall,2026-04-13,
gagnef-9,Gagnef,9,Matavfall,2026-04-27,
gagnef-9,Gagnef,9,Matavfall,2026-05-11,
gagnef-9,Gagnef,9,Matavfall,2026-05-25,
gagnef-9,Gagnef,9,Matavfall,2026-06-08,
gagnef-9,Gagnef,9,Matavfall,2026-06-22,
gagnef-9,Gagnef,9,Matavfall,2026-07-06,
gagnef-9,Gagnef,9,Matavfall,2026-07-20,
gagnef-9,Gagnef,9,Matavfall,2026-08-03,
gagnef-9,Gagnef,9,Matavfall,2026-08-17,
gagnef-9,Gagnef,9,Matavfall,2026-08-31,
gagnef-9,Gagnef,9,Matavfall,2026-09-14,
gagnef-9,Gagnef,9,Matavfall,2026-09-28,
gagnef-9,Gagnef,9,Matavfall,2026-10-12,
gagnef-9,Gagnef,9,Matavfall,2026-10-26,
gagnef-9,Gagnef,9,Matavfall,2026-11-09,
gagnef-9,Gagnef,9,Matavfall,2026-11-23,
gagnef-9,Gagnef,9,Matavfall,2026-12-07,
gagnef-9,Gagnef,9,Matavfall,2026-12-21,
gagnef-9,Gagnef,9,Restavfall,2026-01-05,
gagnef-9,Gagnef,9,Restavfall,2026-02-16,
gagnef-9,Gagnef,9,Restavfall,2026-03-30,
gagnef-9,Gagnef,9,Restavfall,2026-05-11,
gagnef-9,Gagnef,9,Restavfall,2026-06-22,
gagnef-9,Gagnef,9,Restavfall,2026-08-03,
gagnef-9,Gagnef,9,Restavfall,2026-09-14,
gagnef-9,Gagnef,9,Restavfall,2026-10-26,
gagnef-9,Gagnef,9,Restavfall,2026-12-07,
gagnef-9,Gagnef,9,Plastförpackningar,2026-01-19,
gagnef-9,Gagnef,9,Plastförpackningar,2026-03-02,
gagnef-9,Gagnef,9,Plastförpackningar,2026-04-13,
gagnef-9,Gagnef,9,Plastförpackningar,2026-05-25,
gagnef-9,Gagnef,9,Plastförpackningar,2026-07-06,
gagnef-9,Gagnef,9,Plastförpackningar,2026-08-17,
gagnef-9,Gagnef,9,Plastförpackningar,2026-09-28,
gagnef-9,Gagnef,9,Plastförpackningar,2026-11-09,
gagnef-9,Gagnef,9,Plastförpackningar,2026-12-21,
gagnef-9,Gagnef,9,Pappersförpackningar,2026-02-02,
gagnef-9,Gagnef,9,Pappersförpackningar,2026-03-16,
gagnef-9,Gagnef,9,Pappersförpackningar,2026-04-27,
gagnef-9,Gagnef,9,Pappersförpackningar,2026-06-08,
gagnef-9,Gagnef,9,Pappersförpackningar,2026-07-20,
gagnef-9,Gagnef,9,Pappersförpackningar,2026-08-31,
gagnef-9,Gagnef,9,Pappersförpackningar,2026-10-12,
gagnef-9,Gagnef,9,Pappersförpackningar,2026-11-23,
gagnef-10,Gagnef,10,Matavfall,2026-01-28,datum_avviker_från_angiven_veckodag
gagnef-10,Gagnef,10,Matavfall,2026-01-22,
gagnef-10,Gagnef,10,Matavfall,2026-02-05,
gagnef-10,Gagnef,10,Matavfall,2026-02-19,
gagnef-10,Gagnef,10,Matavfall,2026-03-05,
gagnef-10,Gagnef,10,Matavfall,2026-03-19,
gagnef-10,Gagnef,10,Matavfall,2026-04-02,
gagnef-10,Gagnef,10,Matavfall,2026-04-16,
gagnef-10,Gagnef,10,Matavfall,2026-04-30,
gagnef-10,Gagnef,10,Matavfall,2026-05-14,
gagnef-10,Gagnef,10,Matavfall,2026-05-28,
gagnef-10,Gagnef,10,Matavfall,2026-06-11,
gagnef-10,Gagnef,10,Matavfall,2026-06-25,
gagnef-10,Gagnef,10,Matavfall,2026-07-09,
gagnef-10,Gagnef,10,Matavfall,2026-07-23,
gagnef-10,Gagnef,10,Matavfall,2026-08-06,
gagnef-10,Gagnef,10,Matavfall,2026-08-20,
gagnef-10,Gagnef,10,Matavfall,2026-09-03,
gagnef-10,Gagnef,10,Matavfall,2026-09-17,
gagnef-10,Gagnef,10,Matavfall,2026-10-01,
gagnef-10,Gagnef,10,Matavfall,2026-10-15,
gagnef-10,Gagnef,10,Matavfall,2026-10-29,
gagnef-10,Gagnef,10,Matavfall,2026-11-12,
gagnef-10,Gagnef,10,Matavfall,2026-11-26,
gagnef-10,Gagnef,10,Matavfall,2026-12-10,
gagnef-10,Gagnef,10,Matavfall,2026-12-24,
gagnef-10,Gagnef,10,Restavfall,2026-01-08,
gagnef-10,Gagnef,10,Restavfall,2026-02-19,
gagnef-10,Gagnef,10,Restavfall,2026-04-02,
gagnef-10,Gagnef,10,Restavfall,2026-05-14,
gagnef-10,Gagnef,10,Restavfall,2026-06-25,
gagnef-10,Gagnef,10,Restavfall,2026-08-06,
gagnef-10,Gagnef,10,Restavfall,2026-09-17,
gagnef-10,Gagnef,10,Restavfall,2026-10-29,
gagnef-10,Gagnef,10,Restavfall,2026-12-10,
gagnef-10,Gagnef,10,Plastförpackningar,2026-01-22,
gagnef-10,Gagnef,10,Plastförpackningar,2026-03-05,
gagnef-10,Gagnef,10,Plastförpackningar,2026-04-16,
gagnef-10,Gagnef,10,Plastförpackningar,2026-05-28,
gagnef-10,Gagnef,10,Plastförpackningar,2026-07-09,
gagnef-10,Gagnef,10,Plastförpackningar,2026-08-20,
gagnef-10,Gagnef,10,Plastförpackningar,2026-10-01,
gagnef-10,Gagnef,10,Plastförpackningar,2026-11-12,
gagnef-10,Gagnef,10,Plastförpackningar,2026-12-24,
gagnef-10,Gagnef,10,Pappersförpackningar,2026-02-05,
gagnef-10,Gagnef,10,Pappersförpackningar,2026-03-19,
gagnef-10,Gagnef,10,Pappersförpackningar,2026-04-30,
gagnef-10,Gagnef,10,Pappersförpackningar,2026-06-11,
gagnef-10,Gagnef,10,Pappersförpackningar,2026-07-23,
gagnef-10,Gagnef,10,Pappersförpackningar,2026-09-03,
gagnef-10,Gagnef,10,Pappersförpackningar,2026-10-15,
gagnef-10,Gagnef,10,Pappersförpackningar,2026-11-26,
leksand-1,Leksand,1,Matavfall,2026-01-05,
leksand-1,Leksand,1,Matavfall,2026-01-19,
leksand-1,Leksand,1,Matavfall,2026-02-02,
leksand-1,Leksand,1,Matavfall,2026-02-16,
leksand-1,Leksand,1,Matavfall,2026-03-02,
leksand-1,Leksand,1,Matavfall,2026-03-16,
leksand-1,Leksand,1,Matavfall,2026-03-30,
leksand-1,Leksand,1,Matavfall,2026-04-13,
leksand-1,Leksand,1,Matavfall,2026-04-27,
leksand-1,Leksand,1,Matavfall,2026-05-11,
leksand-1,Leksand,1,Matavfall,2026-05-25,
leksand-1,Leksand,1,Matavfall,2026-06-08,
leksand-1,Leksand,1,Matavfall,2026-06-22,
leksand-1,Leksand,1,Matavfall,2026-07-06,
leksand-1,Leksand,1,Matavfall,2026-07-20,
leksand-1,Leksand,1,Matavfall,2026-08-03,
leksand-1,Leksand,1,Matavfall,2026-08-17,
leksand-1,Leksand,1,Matavfall,2026-08-31,
leksand-1,Leksand,1,Matavfall,2026-09-14,
leksand-1,Leksand,1,Matavfall,2026-09-28,
leksand-1,Leksand,1,Matavfall,2026-10-12,
leksand-1,Leksand,1,Matavfall,2026-10-26,
leksand-1,Leksand,1,Matavfall,2026-11-09,
leksand-1,Leksand,1,Matavfall,2026-11-23,
leksand-1,Leksand,1,Matavfall,2026-12-07,
leksand-1,Leksand,1,Matavfall,2026-12-21,
leksand-1,Leksand,1,Restavfall,2026-01-05,
leksand-1,Leksand,1,Restavfall,2026-02-16,
leksand-1,Leksand,1,Restavfall,2026-03-30,
leksand-1,Leksand,1,Restavfall,2026-05-11,
leksand-1,Leksand,1,Restavfall,2026-06-22,
leksand-1,Leksand,1,Restavfall,2026-08-03,
leksand-1,Leksand,1,Restavfall,2026-09-14,
leksand-1,Leksand,1,Restavfall,2026-10-26,
leksand-1,Leksand,1,Restavfall,2026-12-07,
leksand-1,Leksand,1,Plastförpackningar,2026-01-19,
leksand-1,Leksand,1,Plastförpackningar,2026-03-02,
leksand-1,Leksand,1,Plastförpackningar,2026-04-13,
leksand-1,Leksand,1,Plastförpackningar,2026-05-25,
leksand-1,Leksand,1,Plastförpackningar,2026-07-06,
leksand-1,Leksand,1,Plastförpackningar,2026-08-17,
leksand-1,Leksand,1,Plastförpackningar,2026-09-28,
leksand-1,Leksand,1,Plastförpackningar,2026-11-09,
leksand-1,Leksand,1,Plastförpackningar,2026-12-21,
leksand-1,Leksand,1,Pappersförpackningar,2026-02-02,
leksand-1,Leksand,1,Pappersförpackningar,2026-03-16,
leksand-1,Leksand,1,Pappersförpackningar,2026-04-27,
leksand-1,Leksand,1,Pappersförpackningar,2026-06-08,
leksand-1,Leksand,1,Pappersförpackningar,2026-07-20,
leksand-1,Leksand,1,Pappersförpackningar,2026-08-31,
leksand-1,Leksand,1,Pappersförpackningar,2026-10-12,
leksand-1,Leksand,1,Pappersförpackningar,2026-11-23,
leksand-2,Leksand,2,Matavfall,2026-01-06,
leksand-2,Leksand,2,Matavfall,2026-01-20,
leksand-2,Leksand,2,Matavfall,2026-02-03,
leksand-2,Leksand,2,Matavfall,2026-02-17,
leksand-2,Leksand,2,Matavfall,2026-03-03,
leksand-2,Leksand,2,Matavfall,2026-03-17,
leksand-2,Leksand,2,Matavfall,2026-03-31,
leksand-2,Leksand,2,Matavfall,2026-04-14,
leksand-2,Leksand,2,Matavfall,2026-04-28,
leksand-2,Leksand,2,Matavfall,2026-05-12,
leksand-2,Leksand,2,Matavfall,2026-05-26,
leksand-2,Leksand,2,Matavfall,2026-06-09,
leksand-2,Leksand,2,Matavfall,2026-06-23,
leksand-2,Leksand,2,Matavfall,2026-07-07,
leksand-2,Leksand,2,Matavfall,2026-07-21,
leksand-2,Leksand,2,Matavfall,2026-08-04,
leksand-2,Leksand,2,Matavfall,2026-08-18,
leksand-2,Leksand,2,Matavfall,2026-09-01,
leksand-2,Leksand,2,Matavfall,2026-09-15,
leksand-2,Leksand,2,Matavfall,2026-09-29,
leksand-2,Leksand,2,Matavfall,2026-10-13,
leksand-2,Leksand,2,Matavfall,2026-10-27,
leksand-2,Leksand,2,Matavfall,2026-11-10,
leksand-2,Leksand,2,Matavfall,2026-11-24,
leksand-2,Leksand,2,Matavfall,2026-12-08,
leksand-2,Leksand,2,Matavfall,2026-12-22,
leksand-2,Leksand,2,Restavfall,2026-02-03,
leksand-2,Leksand,2,Restavfall,2026-03-17,
leksand-2,Leksand,2,Restavfall,2026-04-28,
leksand-2,Leksand,2,Restavfall,2026-06-09,
leksand-2,Leksand,2,Restavfall,2026-07-21,
leksand-2,Leksand,2,Restavfall,2026-09-01,
leksand-2,Leksand,2,Restavfall,2026-10-13,
leksand-2,Leksand,2,Restavfall,2026-11-24,
leksand-2,Leksand,2,Plastförpackningar,2026-01-06,
leksand-2,Leksand,2,Plastförpackningar,2026-02-17,
leksand-2,Leksand,2,Plastförpackningar,2026-03-31,
leksand-2,Leksand,2,Plastförpackningar,2026-05-12,
leksand-2,Leksand,2,Plastförpackningar,2026-06-23,
leksand-2,Leksand,2,Plastförpackningar,2026-08-04,
leksand-2,Leksand,2,Plastförpackningar,2026-09-15,
leksand-2,Leksand,2,Plastförpackningar,2026-10-27,
leksand-2,Leksand,2,Plastförpackningar,2026-12-08,
leksand-2,Leksand,2,Pappersförpackningar,2026-01-20,
leksand-2,Leksand,2,Pappersförpackningar,2026-03-03,
leksand-2,Leksand,2,Pappersförpackningar,2026-04-14,
leksand-2,Leksand,2,Pappersförpackningar,2026-05-26,
leksand-2,Leksand,2,Pappersförpackningar,2026-07-07,
leksand-2,Leksand,2,Pappersförpackningar,2026-08-18,
leksand-2,Leksand,2,Pappersförpackningar,2026-09-29,
leksand-2,Leksand,2,Pappersförpackningar,2026-11-10,
leksand-2,Leksand,2,Pappersförpackningar,2026-12-22,
leksand-3,Leksand,3,Matavfall,2026-01-07,
leksand-3,Leksand,3,Matavfall,2026-01-21,
leksand-3,Leksand,3,Matavfall,2026-02-04,
leksand-3,Leksand,3,Matavfall,2026-02-18,
leksand-3,Leksand,3,Matavfall,2026-03-04,
leksand-3,Leksand,3,Matavfall,2026-03-18,
leksand-3,Leksand,3,Matavfall,2026-04-01,
leksand-3,Leksand,3,Matavfall,2026-04-15,
leksand-3,Leksand,3,Matavfall,2026-04-29,
leksand-3,Leksand,3,Matavfall,2026-05-13,
leksand-3,Leksand,3,Matavfall,2026-05-27,
leksand-3,Leksand,3,Matavfall,2026-06-10,
leksand-3,Leksand,3,Matavfall,2026-06-24,
leksand-3,Leksand,3,Matavfall,2026-07-08,
leksand-3,Leksand,3,Matavfall,2026-07-22,
leksand-3,Leksand,3,Matavfall,2026-08-05,
leksand-3,Leksand,3,Matavfall,2026-08-19,
leksand-3,Leksand,3,Matavfall,2026-09-02,
leksand-3,Leksand,3,Matavfall,2026-09-16,
leksand-3,Leksand,3,Matavfall,2026-09-30,
leksand-3,Leksand,3,Matavfall,2026-10-14,
leksand-3,Leksand,3,Matavfall,2026-10-28,
leksand-3,Leksand,3,Matavfall,2026-11-11,
leksand-3,Leksand,3,Matavfall,2026-11-25,
leksand-3,Leksand,3,Matavfall,2026-12-09,
leksand-3,Leksand,3,Matavfall,2026-12-23,
leksand-3,Leksand,3,Restavfall,2026-01-21,
leksand-3,Leksand,3,Restavfall,2026-03-04,
leksand-3,Leksand,3,Restavfall,2026-04-15,
leksand-3,Leksand,3,Restavfall,2026-05-27,
leksand-3,Leksand,3,Restavfall,2026-07-08,
leksand-3,Leksand,3,Restavfall,2026-08-19,
leksand-3,Leksand,3,Restavfall,2026-09-30,
leksand-3,Leksand,3,Restavfall,2026-11-11,
leksand-3,Leksand,3,Restavfall,2026-12-23,
leksand-3,Leksand,3,Plastförpackningar,2026-02-04,
leksand-3,Leksand,3,Plastförpackningar,2026-03-18,
leksand-3,Leksand,3,Plastförpackningar,2026-04-29,
leksand-3,Leksand,3,Plastförpackningar,2026-06-10,
leksand-3,Leksand,3,Plastförpackningar,2026-07-22,
leksand-3,Leksand,3,Plastförpackningar,2026-09-02,
leksand-3,Leksand,3,Plastförpackningar,2026-10-14,
leksand-3,Leksand,3,Plastförpackningar,2026-11-25,
leksand-3,Leksand,3,Pappersförpackningar,2026-01-07,
leksand-3,Leksand,3,Pappersförpackningar,2026-02-18,
leksand-3,Leksand,3,Pappersförpackningar,2026-04-01,
leksand-3,Leksand,3,Pappersförpackningar,2026-05-13,
leksand-3,Leksand,3,Pappersförpackningar,2026-06-24,
leksand-3,Leksand,3,Pappersförpackningar,2026-08-05,
leksand-3,Leksand,3,Pappersförpackningar,2026-09-16,
leksand-3,Leksand,3,Pappersförpackningar,2026-10-28,
leksand-3,Leksand,3,Pappersförpackningar,2026-12-09,
leksand-4,Leksand,4,Matavfall,2026-01-08,
leksand-4,Leksand,4,Matavfall,2026-01-22,
leksand-4,Leksand,4,Matavfall,2026-02-05,
leksand-4,Leksand,4,Matavfall,2026-02-19,
leksand-4,Leksand,4,Matavfall,2026-03-05,
leksand-4,Leksand,4,Matavfall,2026-03-19,
leksand-4,Leksand,4,Matavfall,2026-04-02,
leksand-4,Leksand,4,Matavfall,2026-04-16,
leksand-4,Leksand,4,Matavfall,2026-04-30,
leksand-4,Leksand,4,Matavfall,2026-05-14,
leksand-4,Leksand,4,Matavfall,2026-05-28,
leksand-4,Leksand,4,Matavfall,2026-06-11,
leksand-4,Leksand,4,Matavfall,2026-06-25,
leksand-4,Leksand,4,Matavfall,2026-07-09,
leksand-4,Leksand,4,Matavfall,2026-07-23,
leksand-4,Leksand,4,Matavfall,2026-08-06,
leksand-4,Leksand,4,Matavfall,2026-08-20,
leksand-4,Leksand,4,Matavfall,2026-09-03,
leksand-4,Leksand,4,Matavfall,2026-09-17,
leksand-4,Leksand,4,Matavfall,2026-10-01,
leksand-4,Leksand,4,Matavfall,2026-10-15,
leksand-4,Leksand,4,Matavfall,2026-10-29,
leksand-4,Leksand,4,Matavfall,2026-11-12,
leksand-4,Leksand,4,Matavfall,2026-11-26,
leksand-4,Leksand,4,Matavfall,2026-12-10,
leksand-4,Leksand,4,Matavfall,2026-12-24,
leksand-4,Leksand,4,Restavfall,2026-01-08,
leksand-4,Leksand,4,Restavfall,2026-02-19,
leksand-4,Leksand,4,Restavfall,2026-04-02,
leksand-4,Leksand,4,Restavfall,2026-05-14,
leksand-4,Leksand,4,Restavfall,2026-06-25,
leksand-4,Leksand,4,Restavfall,2026-08-06,
leksand-4,Leksand,4,Restavfall,2026-09-17,
leksand-4,Leksand,4,Restavfall,2026-10-29,
leksand-4,Leksand,4,Restavfall,2026-12-10,
leksand-4,Leksand,4,Plastförpackningar,2026-01-22,
leksand-4,Leksand,4,Plastförpackningar,2026-03-05,
leksand-4,Leksand,4,Plastförpackningar,2026-04-16,
leksand-4,Leksand,4,Plastförpackningar,2026-05-28,
leksand-4,Leksand,4,Plastförpackningar,2026-07-09,
leksand-4,Leksand,4,Plastförpackningar,2026-08-20,
leksand-4,Leksand,4,Plastförpackningar,2026-10-01,
leksand-4,Leksand,4,Plastförpackningar,2026-11-12,
leksand-4,Leksand,4,Plastförpackningar,2026-12-24,
leksand-4,Leksand,4,Pappersförpackningar,2026-02-05,
leksand-4,Leksand,4,Pappersförpackningar,2026-03-19,
leksand-4,Leksand,4,Pappersförpackningar,2026-04-30,
leksand-4,Leksand,4,Pappersförpackningar,2026-06-11,
leksand-4,Leksand,4,Pappersförpackningar,2026-07-23,
leksand-4,Leksand,4,Pappersförpackningar,2026-09-03,
leksand-4,Leksand,4,Pappersförpackningar,2026-10-15,
leksand-4,Leksand,4,Pappersförpackningar,2026-11-26,
leksand-5,Leksand,5,Matavfall,2026-01-09,
leksand-5,Leksand,5,Matavfall,2026-01-23,
leksand-5,Leksand,5,Matavfall,2026-02-06,
leksand-5,Leksand,5,Matavfall,2026-02-20,
leksand-5,Leksand,5,Matavfall,2026-03-06,
leksand-5,Leksand,5,Matavfall,2026-03-20,
leksand-5,Leksand,5,Matavfall,2026-04-03,
leksand-5,Leksand,5,Matavfall,2026-04-17,
leksand-5,Leksand,5,Matavfall,2026-05-01,
leksand-5,Leksand,5,Matavfall,2026-05-15,
leksand-5,Leksand,5,Matavfall,2026-05-29,
leksand-5,Leksand,5,Matavfall,2026-06-12,
leksand-5,Leksand,5,Matavfall,2026-06-26,
leksand-5,Leksand,5,Matavfall,2026-07-10,
leksand-5,Leksand,5,Matavfall,2026-07-24,
leksand-5,Leksand,5,Matavfall,2026-08-07,
leksand-5,Leksand,5,Matavfall,2026-08-21,
leksand-5,Leksand,5,Matavfall,2026-09-04,
leksand-5,Leksand,5,Matavfall,2026-10-02,
leksand-5,Leksand,5,Matavfall,2026-10-16,
leksand-5,Leksand,5,Matavfall,2026-10-30,
leksand-5,Leksand,5,Matavfall,2026-11-13,
leksand-5,Leksand,5,Matavfall,2026-11-27,
leksand-5,Leksand,5,Matavfall,2026-12-11,
leksand-5,Leksand,5,Matavfall,2026-12-25,
leksand-5,Leksand,5,Restavfall,2026-02-06,
leksand-5,Leksand,5,Restavfall,2026-03-20,
leksand-5,Leksand,5,Restavfall,2026-05-01,
leksand-5,Leksand,5,Restavfall,2026-06-12,
leksand-5,Leksand,5,Restavfall,2026-07-24,
leksand-5,Leksand,5,Restavfall,2026-09-04,
leksand-5,Leksand,5,Restavfall,2026-10-16,
leksand-5,Leksand,5,Restavfall,2026-11-27,
leksand-5,Leksand,5,Plastförpackningar,2026-01-09,
leksand-5,Leksand,5,Plastförpackningar,2026-02-20,
leksand-5,Leksand,5,Plastförpackningar,2026-04-03,
leksand-5,Leksand,5,Plastförpackningar,2026-05-15,
leksand-5,Leksand,5,Plastförpackningar,2026-06-26,
leksand-5,Leksand,5,Plastförpackningar,2026-08-07,
leksand-5,Leksand,5,Plastförpackningar,2026-09-18,
leksand-5,Leksand,5,Plastförpackningar,2026-10-30,
leksand-5,Leksand,5,Plastförpackningar,2026-12-11,
leksand-5,Leksand,5,Pappersförpackningar,2026-01-23,
leksand-5,Leksand,5,Pappersförpackningar,2026-03-06,
leksand-5,Leksand,5,Pappersförpackningar,2026-04-17,
leksand-5,Leksand,5,Pappersförpackningar,2026-05-29,
leksand-5,Leksand,5,Pappersförpackningar,2026-07-10,
leksand-5,Leksand,5,Pappersförpackningar,2026-08-21,
leksand-5,Leksand,5,Pappersförpackningar,2026-10-02,
leksand-5,Leksand,5,Pappersförpackningar,2026-11-13,
leksand-5,Leksand,5,Pappersförpackningar,2026-12-25,
leksand-6,Leksand,6,Matavfall,2026-01-12,
leksand-6,Leksand,6,Matavfall,2026-01-26,
leksand-6,Leksand,6,Matavfall,2026-02-09,
leksand-6,Leksand,6,Matavfall,2026-02-23,
leksand-6,Leksand,6,Matavfall,2026-03-09,
leksand-6,Leksand,6,Matavfall,2026-03-23,
leksand-6,Leksand,6,Matavfall,2026-04-06,
leksand-6,Leksand,6,Matavfall,2026-04-20,
leksand-6,Leksand,6,Matavfall,2026-05-04,
leksand-6,Leksand,6,Matavfall,2026-05-18,
leksand-6,Leksand,6,Matavfall,2026-06-01,
leksand-6,Leksand,6,Matavfall,2026-06-15,
leksand-6,Leksand,6,Matavfall,2026-06-29,
leksand-6,Leksand,6,Matavfall,2026-07-13,
leksand-6,Leksand,6,Matavfall,2026-07-27,
leksand-6,Leksand,6,Matavfall,2026-08-10,
leksand-6,Leksand,6,Matavfall,2026-08-24,
leksand-6,Leksand,6,Matavfall,2026-09-07,
leksand-6,Leksand,6,Matavfall,2026-09-21,
leksand-6,Leksand,6,Matavfall,2026-10-05,
leksand-6,Leksand,6,Matavfall,2026-10-19,
leksand-6,Leksand,6,Matavfall,2026-11-02,
leksand-6,Leksand,6,Matavfall,2026-11-16,
leksand-6,Leksand,6,Matavfall,2026-11-30,
leksand-6,Leksand,6,Matavfall,2026-12-14,
leksand-6,Leksand,6,Matavfall,2026-12-28,
leksand-6,Leksand,6,Restavfall,2026-01-26,
leksand-6,Leksand,6,Restavfall,2026-03-09,
leksand-6,Leksand,6,Restavfall,2026-04-20,
leksand-6,Leksand,6,Restavfall,2026-06-01,
leksand-6,Leksand,6,Restavfall,2026-07-13,
leksand-6,Leksand,6,Restavfall,2026-08-24,
leksand-6,Leksand,6,Restavfall,2026-10-05,
leksand-6,Leksand,6,Restavfall,2026-11-16,
leksand-6,Leksand,6,Restavfall,2026-12-28,
leksand-6,Leksand,6,Plastförpackningar,2026-02-09,
leksand-6,Leksand,6,Plastförpackningar,2026-03-23,
leksand-6,Leksand,6,Plastförpackningar,2026-05-04,
leksand-6,Leksand,6,Plastförpackningar,2026-06-15,
leksand-6,Leksand,6,Plastförpackningar,2026-07-27,
leksand-6,Leksand,6,Plastförpackningar,2026-09-07,
leksand-6,Leksand,6,Plastförpackningar,2026-10-19,
leksand-6,Leksand,6,Plastförpackningar,2026-11-30,
leksand-6,Leksand,6,Pappersförpackningar,2026-01-12,
leksand-6,Leksand,6,Pappersförpackningar,2026-02-23,
leksand-6,Leksand,6,Pappersförpackningar,2026-04-06,
leksand-6,Leksand,6,Pappersförpackningar,2026-05-18,
leksand-6,Leksand,6,Pappersförpackningar,2026-06-29,
leksand-6,Leksand,6,Pappersförpackningar,2026-08-10,
leksand-6,Leksand,6,Pappersförpackningar,2026-09-21,
leksand-6,Leksand,6,Pappersförpackningar,2026-11-02,
leksand-6,Leksand,6,Pappersförpackningar,2026-12-14,
leksand-7,Leksand,7,Matavfall,2026-01-13,
leksand-7,Leksand,7,Matavfall,2026-01-27,
leksand-7,Leksand,7,Matavfall,2026-02-10,
leksand-7,Leksand,7,Matavfall,2026-02-24,
leksand-7,Leksand,7,Matavfall,2026-03-10,
leksand-7,Leksand,7,Matavfall,2026-03-24,
leksand-7,Leksand,7,Matavfall,2026-04-07,
leksand-7,Leksand,7,Matavfall,2026-04-21,
leksand-7,Leksand,7,Matavfall,2026-05-05,
leksand-7,Leksand,7,Matavfall,2026-05-19,
leksand-7,Leksand,7,Matavfall,2026-06-02,
leksand-7,Leksand,7,Matavfall,2026-06-16,
leksand-7,Leksand,7,Matavfall,2026-06-30,
leksand-7,Leksand,7,Matavfall,2026-07-14,
leksand-7,Leksand,7,Matavfall,2026-07-28,
leksand-7,Leksand,7,Matavfall,2026-08-11,
leksand-7,Leksand,7,Matavfall,2026-08-25,
leksand-7,Leksand,7,Matavfall,2026-09-08,
leksand-7,Leksand,7,Matavfall,2026-09-22,
leksand-7,Leksand,7,Matavfall,2026-10-06,
leksand-7,Leksand,7,Matavfall,2026-10-20,
leksand-7,Leksand,7,Matavfall,2026-11-03,
leksand-7,Leksand,7,Matavfall,2026-11-17,
leksand-7,Leksand,7,Matavfall,2026-12-01,
leksand-7,Leksand,7,Matavfall,2026-12-15,
leksand-7,Leksand,7,Matavfall,2026-12-29,
leksand-7,Leksand,7,Restavfall,2026-01-13,
leksand-7,Leksand,7,Restavfall,2026-12-24,datum_avviker_från_angiven_veckodag
leksand-7,Leksand,7,Restavfall,2026-04-07,
leksand-7,Leksand,7,Restavfall,2026-05-19,
leksand-7,Leksand,7,Restavfall,2026-06-30,
leksand-7,Leksand,7,Restavfall,2026-08-11,
leksand-7,Leksand,7,Restavfall,2026-09-22,
leksand-7,Leksand,7,Restavfall,2026-11-03,
leksand-7,Leksand,7,Restavfall,2026-12-15,
leksand-7,Leksand,7,Plastförpackningar,2026-01-27,
leksand-7,Leksand,7,Plastförpackningar,2026-03-10,
leksand-7,Leksand,7,Plastförpackningar,2026-04-21,
leksand-7,Leksand,7,Plastförpackningar,2026-06-02,
leksand-7,Leksand,7,Plastförpackningar,2026-07-14,
leksand-7,Leksand,7,Plastförpackningar,2026-08-25,
leksand-7,Leksand,7,Plastförpackningar,2026-10-06,
leksand-7,Leksand,7,Plastförpackningar,2026-11-17,
leksand-7,Leksand,7,Plastförpackningar,2026-12-29,
leksand-7,Leksand,7,Pappersförpackningar,2026-02-10,
leksand-7,Leksand,7,Pappersförpackningar,2026-03-24,
leksand-7,Leksand,7,Pappersförpackningar,2026-05-05,
leksand-7,Leksand,7,Pappersförpackningar,2026-06-16,
leksand-7,Leksand,7,Pappersförpackningar,2026-07-28,
leksand-7,Leksand,7,Pappersförpackningar,2026-09-08,
leksand-7,Leksand,7,Pappersförpackningar,2026-10-20,
leksand-7,Leksand,7,Pappersförpackningar,2026-12-01,
leksand-8,Leksand,8,Matavfall,2026-01-14,
leksand-8,Leksand,8,Matavfall,2026-01-28,
leksand-8,Leksand,8,Matavfall,2026-02-11,
leksand-8,Leksand,8,Matavfall,2026-02-25,
leksand-8,Leksand,8,Matavfall,2026-03-11,
leksand-8,Leksand,8,Matavfall,2026-03-25,
leksand-8,Leksand,8,Matavfall,2026-04-08,
leksand-8,Leksand,8,Matavfall,2026-04-22,
leksand-8,Leksand,8,Matavfall,2026-05-06,
leksand-8,Leksand,8,Matavfall,2026-05-20,
leksand-8,Leksand,8,Matavfall,2026-06-03,
leksand-8,Leksand,8,Matavfall,2026-06-17,
leksand-8,Leksand,8,Matavfall,2026-07-01,
leksand-8,Leksand,8,Matavfall,2026-07-15,
leksand-8,Leksand,8,Matavfall,2026-07-29,
leksand-8,Leksand,8,Matavfall,2026-08-12,
leksand-8,Leksand,8,Matavfall,2026-08-26,
leksand-8,Leksand,8,Matavfall,2026-09-09,
leksand-8,Leksand,8,Matavfall,2026-09-23,
leksand-8,Leksand,8,Matavfall,2026-10-07,
leksand-8,Leksand,8,Matavfall,2026-10-21,
leksand-8,Leksand,8,Matavfall,2026-11-04,
leksand-8,Leksand,8,Matavfall,2026-11-18,
leksand-8,Leksand,8,Matavfall,2026-12-02,
leksand-8,Leksand,8,Matavfall,2026-12-16,
leksand-8,Leksand,8,Matavfall,2026-12-30,
leksand-8,Leksand,8,Restavfall,2026-02-11,
leksand-8,Leksand,8,Restavfall,2026-03-25,
leksand-8,Leksand,8,Restavfall,2026-04-06,datum_avviker_från_angiven_veckodag
leksand-8,Leksand,8,Restavfall,2026-06-17,
leksand-8,Leksand,8,Restavfall,2026-07-29,
leksand-8,Leksand,8,Restavfall,2026-09-09,
leksand-8,Leksand,8,Restavfall,2026-10-21,
leksand-8,Leksand,8,Restavfall,2026-12-02,
leksand-8,Leksand,8,Plastförpackningar,2026-01-14,
leksand-8,Leksand,8,Plastförpackningar,2026-02-25,
leksand-8,Leksand,8,Plastförpackningar,2026-04-08,
leksand-8,Leksand,8,Plastförpackningar,2026-05-20,
leksand-8,Leksand,8,Plastförpackningar,2026-07-01,
leksand-8,Leksand,8,Plastförpackningar,2026-08-12,
leksand-8,Leksand,8,Plastförpackningar,2026-09-23,
leksand-8,Leksand,8,Plastförpackningar,2026-11-04,
leksand-8,Leksand,8,Plastförpackningar,2026-12-16,
leksand-8,Leksand,8,Pappersförpackningar,2026-01-28,
leksand-8,Leksand,8,Pappersförpackningar,2026-03-11,
leksand-8,Leksand,8,Pappersförpackningar,2026-04-22,
leksand-8,Leksand,8,Pappersförpackningar,2026-06-03,
leksand-8,Leksand,8,Pappersförpackningar,2026-07-15,
leksand-8,Leksand,8,Pappersförpackningar,2026-08-26,
leksand-8,Leksand,8,Pappersförpackningar,2026-10-07,
leksand-8,Leksand,8,Pappersförpackningar,2026-11-18,
leksand-8,Leksand,8,Pappersförpackningar,2026-12-30,
leksand-9,Leksand,9,Matavfall,2026-01-01,
leksand-9,Leksand,9,Matavfall,2026-01-15,
leksand-9,Leksand,9,Matavfall,2026-01-29,
leksand-9,Leksand,9,Matavfall,2026-02-12,
leksand-9,Leksand,9,Matavfall,2026-02-26,
leksand-9,Leksand,9,Matavfall,2026-03-12,
leksand-9,Leksand,9,Matavfall,2026-03-26,
leksand-9,Leksand,9,Matavfall,2026-04-09,
leksand-9,Leksand,9,Matavfall,2026-04-23,
leksand-9,Leksand,9,Matavfall,2026-05-07,
leksand-9,Leksand,9,Matavfall,2026-05-21,
leksand-9,Leksand,9,Matavfall,2026-06-04,
leksand-9,Leksand,9,Matavfall,2026-06-18,
leksand-9,Leksand,9,Matavfall,2026-07-02,
leksand-9,Leksand,9,Matavfall,2026-07-16,
leksand-9,Leksand,9,Matavfall,2026-07-30,
leksand-9,Leksand,9,Matavfall,2026-08-13,
leksand-9,Leksand,9,Matavfall,2026-08-27,
leksand-9,Leksand,9,Matavfall,2026-09-10,
leksand-9,Leksand,9,Matavfall,2026-09-24,
leksand-9,Leksand,9,Matavfall,2026-10-08,
leksand-9,Leksand,9,Matavfall,2026-10-22,
leksand-9,Leksand,9,Matavfall,2026-11-05,
leksand-9,Leksand,9,Matavfall,2026-11-19,
leksand-9,Leksand,9,Matavfall,2026-12-03,
leksand-9,Leksand,9,Matavfall,2026-12-17,
leksand-9,Leksand,9,Matavfall,2026-12-31,
leksand-9,Leksand,9,Restavfall,2026-01-29,
leksand-9,Leksand,9,Restavfall,2026-03-12,
leksand-9,Leksand,9,Restavfall,2026-04-23,
leksand-9,Leksand,9,Restavfall,2026-06-04,
leksand-9,Leksand,9,Restavfall,2026-07-16,
leksand-9,Leksand,9,Restavfall,2026-08-27,
leksand-9,Leksand,9,Restavfall,2026-10-08,
leksand-9,Leksand,9,Restavfall,2026-11-19,
leksand-9,Leksand,9,Restavfall,2026-12-31,
leksand-9,Leksand,9,Plastförpackningar,2026-01-01,
leksand-9,Leksand,9,Plastförpackningar,2026-02-12,
leksand-9,Leksand,9,Plastförpackningar,2026-03-26,
leksand-9,Leksand,9,Plastförpackningar,2026-05-07,
leksand-9,Leksand,9,Plastförpackningar,2026-06-18,
leksand-9,Leksand,9,Plastförpackningar,2026-07-30,
leksand-9,Leksand,9,Plastförpackningar,2026-09-10,
leksand-9,Leksand,9,Plastförpackningar,2026-10-22,
leksand-9,Leksand,9,Plastförpackningar,2026-12-03,
leksand-9,Leksand,9,Pappersförpackningar,2026-01-15,
leksand-9,Leksand,9,Pappersförpackningar,2026-02-26,
leksand-9,Leksand,9,Pappersförpackningar,2026-04-09,
leksand-9,Leksand,9,Pappersförpackningar,2026-05-21,
leksand-9,Leksand,9,Pappersförpackningar,2026-07-02,
leksand-9,Leksand,9,Pappersförpackningar,2026-08-13,
leksand-9,Leksand,9,Pappersförpackningar,2026-09-24,
leksand-9,Leksand,9,Pappersförpackningar,2026-11-05,
leksand-9,Leksand,9,Pappersförpackningar,2026-12-17,
leksand-10,Leksand,10,Matavfall,2026-01-02,
leksand-10,Leksand,10,Matavfall,2026-01-16,
leksand-10,Leksand,10,Matavfall,2026-01-30,
leksand-10,Leksand,10,Matavfall,2026-02-13,
leksand-10,Leksand,10,Matavfall,2026-02-27,
leksand-10,Leksand,10,Matavfall,2026-03-13,
leksand-10,Leksand,10,Matavfall,2026-03-27,
leksand-10,Leksand,10,Matavfall,2026-04-10,
leksand-10,Leksand,10,Matavfall,2026-04-24,
leksand-10,Leksand,10,Matavfall,2026-05-08,
leksand-10,Leksand,10,Matavfall,2026-05-22,
leksand-10,Leksand,10,Matavfall,2026-06-05,
leksand-10,Leksand,10,Matavfall,2026-06-19,
leksand-10,Leksand,10,Matavfall,2026-07-03,
leksand-10,Leksand,10,Matavfall,2026-07-17,
leksand-10,Leksand,10,Matavfall,2026-07-31,
leksand-10,Leksand,10,Matavfall,2026-08-14,
leksand-10,Leksand,10,Matavfall,2026-08-28,
leksand-10,Leksand,10,Matavfall,2026-09-11,
leksand-10,Leksand,10,Matavfall,2026-09-25,
leksand-10,Leksand,10,Matavfall,2026-10-09,
leksand-10,Leksand,10,Matavfall,2026-10-23,
leksand-10,Leksand,10,Matavfall,2026-11-06,
leksand-10,Leksand,10,Matavfall,2026-11-20,
leksand-10,Leksand,10,Matavfall,2026-12-04,
leksand-10,Leksand,10,Matavfall,2026-12-18,
leksand-10,Leksand,10,Matavfall,2026-01-01,datum_avviker_från_angiven_veckodag
leksand-10,Leksand,10,Restavfall,2026-01-16,
leksand-10,Leksand,10,Restavfall,2026-02-27,
leksand-10,Leksand,10,Restavfall,2026-04-10,
leksand-10,Leksand,10,Restavfall,2026-05-22,
leksand-10,Leksand,10,Restavfall,2026-07-03,
leksand-10,Leksand,10,Restavfall,2026-08-14,
leksand-10,Leksand,10,Restavfall,2026-09-25,
leksand-10,Leksand,10,Restavfall,2026-11-06,
leksand-10,Leksand,10,Restavfall,2026-12-18,
leksand-10,Leksand,10,Plastförpackningar,2026-01-30,
leksand-10,Leksand,10,Plastförpackningar,2026-03-13,
leksand-10,Leksand,10,Plastförpackningar,2026-04-24,
leksand-10,Leksand,10,Plastförpackningar,2026-06-05,
leksand-10,Leksand,10,Plastförpackningar,2026-07-17,
leksand-10,Leksand,10,Plastförpackningar,2026-08-28,
leksand-10,Leksand,10,Plastförpackningar,2026-10-09,
leksand-10,Leksand,10,Plastförpackningar,2026-11-20,
leksand-10,Leksand,10,Plastförpackningar,2026-01-01,datum_avviker_från_angiven_veckodag
leksand-10,Leksand,10,Pappersförpackningar,2026-01-02,
leksand-10,Leksand,10,Pappersförpackningar,2026-02-13,
leksand-10,Leksand,10,Pappersförpackningar,2026-03-27,
leksand-10,Leksand,10,Pappersförpackningar,2026-05-08,
leksand-10,Leksand,10,Pappersförpackningar,2026-06-19,
leksand-10,Leksand,10,Pappersförpackningar,2026-07-31,
leksand-10,Leksand,10,Pappersförpackningar,2026-09-11,
leksand-10,Leksand,10,Pappersförpackningar,2026-10-23,
leksand-10,Leksand,10,Pappersförpackningar,2026-12-04,
rattvik-1,Rättvik,1,Matavfall,2026-01-05,
rattvik-1,Rättvik,1,Matavfall,2026-01-19,
rattvik-1,Rättvik,1,Matavfall,2026-02-02,
rattvik-1,Rättvik,1,Matavfall,2026-02-16,
rattvik-1,Rättvik,1,Matavfall,2026-03-02,
rattvik-1,Rättvik,1,Matavfall,2026-03-16,
rattvik-1,Rättvik,1,Matavfall,2026-03-30,
rattvik-1,Rättvik,1,Matavfall,2026-04-13,
rattvik-1,Rättvik,1,Matavfall,2026-04-27,
rattvik-1,Rättvik,1,Matavfall,2026-05-11,
rattvik-1,Rättvik,1,Matavfall,2026-05-25,
rattvik-1,Rättvik,1,Matavfall,2026-06-08,
rattvik-1,Rättvik,1,Matavfall,2026-06-22,
rattvik-1,Rättvik,1,Matavfall,2026-07-06,
rattvik-1,Rättvik,1,Matavfall,2026-07-20,
rattvik-1,Rättvik,1,Matavfall,2026-08-03,
rattvik-1,Rättvik,1,Matavfall,2026-08-17,
rattvik-1,Rättvik,1,Matavfall,2026-08-31,
rattvik-1,Rättvik,1,Matavfall,2026-09-14,
rattvik-1,Rättvik,1,Matavfall,2026-09-28,
rattvik-1,Rättvik,1,Matavfall,2026-10-12,
rattvik-1,Rättvik,1,Matavfall,2026-10-26,
rattvik-1,Rättvik,1,Matavfall,2026-11-09,
rattvik-1,Rättvik,1,Matavfall,2026-11-23,
rattvik-1,Rättvik,1,Matavfall,2026-12-07,
rattvik-1,Rättvik,1,Matavfall,2026-12-21,
rattvik-1,Rättvik,1,Restavfall,2026-02-02,
rattvik-1,Rättvik,1,Restavfall,2026-03-16,
rattvik-1,Rättvik,1,Restavfall,2026-04-27,
rattvik-1,Rättvik,1,Restavfall,2026-06-08,
rattvik-1,Rättvik,1,Restavfall,2026-07-20,
rattvik-1,Rättvik,1,Restavfall,2026-08-31,
rattvik-1,Rättvik,1,Restavfall,2026-10-12,
rattvik-1,Rättvik,1,Restavfall,2026-11-23,
rattvik-1,Rättvik,1,Plastförpackningar,2026-01-05,
rattvik-1,Rättvik,1,Plastförpackningar,2026-02-16,
rattvik-1,Rättvik,1,Plastförpackningar,2026-03-30,
rattvik-1,Rättvik,1,Plastförpackningar,2026-05-11,
rattvik-1,Rättvik,1,Plastförpackningar,2026-06-22,
rattvik-1,Rättvik,1,Plastförpackningar,2026-08-03,
rattvik-1,Rättvik,1,Plastförpackningar,2026-09-14,
rattvik-1,Rättvik,1,Plastförpackningar,2026-10-26,
rattvik-1,Rättvik,1,Plastförpackningar,2026-12-07,
rattvik-1,Rättvik,1,Pappersförpackningar,2026-01-19,
rattvik-1,Rättvik,1,Pappersförpackningar,2026-03-02,
rattvik-1,Rättvik,1,Pappersförpackningar,2026-04-13,
rattvik-1,Rättvik,1,Pappersförpackningar,2026-05-25,
rattvik-1,Rättvik,1,Pappersförpackningar,2026-07-06,
rattvik-1,Rättvik,1,Pappersförpackningar,2026-08-17,
rattvik-1,Rättvik,1,Pappersförpackningar,2026-09-28,
rattvik-1,Rättvik,1,Pappersförpackningar,2026-11-09,
rattvik-1,Rättvik,1,Pappersförpackningar,2026-12-21,
rattvik-2,Rättvik,2,Matavfall,2026-01-06,
rattvik-2,Rättvik,2,Matavfall,2026-01-20,
rattvik-2,Rättvik,2,Matavfall,2026-02-03,
rattvik-2,Rättvik,2,Matavfall,2026-02-17,
rattvik-2,Rättvik,2,Matavfall,2026-03-03,
rattvik-2,Rättvik,2,Matavfall,2026-03-17,
rattvik-2,Rättvik,2,Matavfall,2026-03-31,
rattvik-2,Rättvik,2,Matavfall,2026-04-14,
rattvik-2,Rättvik,2,Matavfall,2026-04-28,
rattvik-2,Rättvik,2,Matavfall,2026-05-12,
rattvik-2,Rättvik,2,Matavfall,2026-05-26,
rattvik-2,Rättvik,2,Matavfall,2026-06-09,
rattvik-2,Rättvik,2,Matavfall,2026-06-23,
rattvik-2,Rättvik,2,Matavfall,2026-07-07,
rattvik-2,Rättvik,2,Matavfall,2026-07-21,
rattvik-2,Rättvik,2,Matavfall,2026-08-04,
rattvik-2,Rättvik,2,Matavfall,2026-08-18,
rattvik-2,Rättvik,2,Matavfall,2026-09-01,
rattvik-2,Rättvik,2,Matavfall,2026-09-15,
rattvik-2,Rättvik,2,Matavfall,2026-09-29,
rattvik-2,Rättvik,2,Matavfall,2026-10-13,
rattvik-2,Rättvik,2,Matavfall,2026-10-27,
rattvik-2,Rättvik,2,Matavfall,2026-11-10,
rattvik-2,Rättvik,2,Matavfall,2026-11-24,
rattvik-2,Rättvik,2,Matavfall,2026-12-08,
rattvik-2,Rättvik,2,Matavfall,2026-12-22,
rattvik-2,Rättvik,2,Restavfall,2026-01-06,
rattvik-2,Rättvik,2,Restavfall,2026-02-17,
rattvik-2,Rättvik,2,Restavfall,2026-03-31,
rattvik-2,Rättvik,2,Restavfall,2026-05-12,
rattvik-2,Rättvik,2,Restavfall,2026-06-23,
rattvik-2,Rättvik,2,Restavfall,2026-08-04,
rattvik-2,Rättvik,2,Restavfall,2026-09-15,
rattvik-2,Rättvik,2,Restavfall,2026-10-27,
rattvik-2,Rättvik,2,Restavfall,2026-12-08,
rattvik-2,Rättvik,2,Plastförpackningar,2026-01-20,
rattvik-2,Rättvik,2,Plastförpackningar,2026-03-03,
rattvik-2,Rättvik,2,Plastförpackningar,2026-04-14,
rattvik-2,Rättvik,2,Plastförpackningar,2026-05-26,
rattvik-2,Rättvik,2,Plastförpackningar,2026-07-07,
rattvik-2,Rättvik,2,Plastförpackningar,2026-08-18,
rattvik-2,Rättvik,2,Plastförpackningar,2026-09-29,
rattvik-2,Rättvik,2,Plastförpackningar,2026-11-10,
rattvik-2,Rättvik,2,Plastförpackningar,2026-12-22,
rattvik-2,Rättvik,2,Pappersförpackningar,2026-02-03,
rattvik-2,Rättvik,2,Pappersförpackningar,2026-03-17,
rattvik-2,Rättvik,2,Pappersförpackningar,2026-04-28,
rattvik-2,Rättvik,2,Pappersförpackningar,2026-06-09,
rattvik-2,Rättvik,2,Pappersförpackningar,2026-07-21,
rattvik-2,Rättvik,2,Pappersförpackningar,2026-09-01,
rattvik-2,Rättvik,2,Pappersförpackningar,2026-10-13,
rattvik-2,Rättvik,2,Pappersförpackningar,2026-11-24,
rattvik-3,Rättvik,3,Matavfall,2026-01-21,
rattvik-3,Rättvik,3,Matavfall,2026-02-04,
rattvik-3,Rättvik,3,Matavfall,2026-02-18,
rattvik-3,Rättvik,3,Matavfall,2026-03-04,
rattvik-3,Rättvik,3,Matavfall,2026-03-18,
rattvik-3,Rättvik,3,Matavfall,2026-04-01,
rattvik-3,Rättvik,3,Matavfall,2026-04-15,
rattvik-3,Rättvik,3,Matavfall,2026-04-29,
rattvik-3,Rättvik,3,Matavfall,2026-05-13,
rattvik-3,Rättvik,3,Matavfall,2026-05-27,
rattvik-3,Rättvik,3,Matavfall,2026-06-10,
rattvik-3,Rättvik,3,Matavfall,2026-06-24,
rattvik-3,Rättvik,3,Matavfall,2026-07-08,
rattvik-3,Rättvik,3,Matavfall,2026-07-22,
rattvik-3,Rättvik,3,Matavfall,2026-08-05,
rattvik-3,Rättvik,3,Matavfall,2026-08-19,
rattvik-3,Rättvik,3,Matavfall,2026-09-02,
rattvik-3,Rättvik,3,Matavfall,2026-09-16,
rattvik-3,Rättvik,3,Matavfall,2026-09-30,
rattvik-3,Rättvik,3,Matavfall,2026-10-14,
rattvik-3,Rättvik,3,Matavfall,2026-10-28,
rattvik-3,Rättvik,3,Matavfall,2026-11-11,
rattvik-3,Rättvik,3,Matavfall,2026-11-25,
rattvik-3,Rättvik,3,Matavfall,2026-12-09,
rattvik-3,Rättvik,3,Matavfall,2026-12-23,
rattvik-3,Rättvik,3,Restavfall,2026-01-21,
rattvik-3,Rättvik,3,Restavfall,2026-03-04,
rattvik-3,Rättvik,3,Restavfall,2026-04-15,
rattvik-3,Rättvik,3,Restavfall,2026-05-27,
rattvik-3,Rättvik,3,Restavfall,2026-07-08,
rattvik-3,Rättvik,3,Restavfall,2026-08-19,
rattvik-3,Rättvik,3,Restavfall,2026-09-30,
rattvik-3,Rättvik,3,Restavfall,2026-11-11,
rattvik-3,Rättvik,3,Restavfall,2026-12-23,
rattvik-3,Rättvik,3,Plastförpackningar,2026-02-04,
rattvik-3,Rättvik,3,Plastförpackningar,2026-03-18,
rattvik-3,Rättvik,3,Plastförpackningar,2026-04-29,
rattvik-3,Rättvik,3,Plastförpackningar,2026-06-10,
rattvik-3,Rättvik,3,Plastförpackningar,2026-07-22,
rattvik-3,Rättvik,3,Plastförpackningar,2026-09-02,
rattvik-3,Rättvik,3,Plastförpackningar,2026-10-14,
rattvik-3,Rättvik,3,Plastförpackningar,2026-11-25,
rattvik-3,Rättvik,3,Pappersförpackningar,2026-01-07,
rattvik-3,Rättvik,3,Pappersförpackningar,2026-02-18,
rattvik-3,Rättvik,3,Pappersförpackningar,2026-04-01,
rattvik-3,Rättvik,3,Pappersförpackningar,2026-05-13,
rattvik-3,Rättvik,3,Pappersförpackningar,2026-06-24,
rattvik-3,Rättvik,3,Pappersförpackningar,2026-08-05,
rattvik-3,Rättvik,3,Pappersförpackningar,2026-09-16,
rattvik-3,Rättvik,3,Pappersförpackningar,2026-10-28,
rattvik-3,Rättvik,3,Pappersförpackningar,2026-12-09,
rattvik-4,Rättvik,4,Matavfall,2026-01-08,
rattvik-4,Rättvik,4,Matavfall,2026-01-22,
rattvik-4,Rättvik,4,Matavfall,2026-02-05,
rattvik-4,Rättvik,4,Matavfall,2026-02-19,
rattvik-4,Rättvik,4,Matavfall,2026-03-05,
rattvik-4,Rättvik,4,Matavfall,2026-03-19,
rattvik-4,Rättvik,4,Matavfall,2026-04-02,
rattvik-4,Rättvik,4,Matavfall,2026-04-16,
rattvik-4,Rättvik,4,Matavfall,2026-04-30,
rattvik-4,Rättvik,4,Matavfall,2026-05-14,
rattvik-4,Rättvik,4,Matavfall,2026-05-28,
rattvik-4,Rättvik,4,Matavfall,2026-06-11,
rattvik-4,Rättvik,4,Matavfall,2026-06-25,
rattvik-4,Rättvik,4,Matavfall,2026-07-09,
rattvik-4,Rättvik,4,Matavfall,2026-07-23,
rattvik-4,Rättvik,4,Matavfall,2026-08-06,
rattvik-4,Rättvik,4,Matavfall,2026-08-20,
rattvik-4,Rättvik,4,Matavfall,2026-09-03,
rattvik-4,Rättvik,4,Matavfall,2026-09-17,
rattvik-4,Rättvik,4,Matavfall,2026-10-01,
rattvik-4,Rättvik,4,Matavfall,2026-10-15,
rattvik-4,Rättvik,4,Matavfall,2026-10-29,
rattvik-4,Rättvik,4,Matavfall,2026-11-12,
rattvik-4,Rättvik,4,Matavfall,2026-11-26,
rattvik-4,Rättvik,4,Matavfall,2026-12-10,
rattvik-4,Rättvik,4,Matavfall,2026-12-24,
rattvik-4,Rättvik,4,Restavfall,2026-02-05,
rattvik-4,Rättvik,4,Restavfall,2026-03-19,
rattvik-4,Rättvik,4,Restavfall,2026-04-30,
rattvik-4,Rättvik,4,Restavfall,2026-06-11,
rattvik-4,Rättvik,4,Restavfall,2026-07-23,
rattvik-4,Rättvik,4,Restavfall,2026-09-03,
rattvik-4,Rättvik,4,Restavfall,2026-10-15,
rattvik-4,Rättvik,4,Restavfall,2026-11-26,
rattvik-4,Rättvik,4,Plastförpackningar,2026-01-08,
rattvik-4,Rättvik,4,Plastförpackningar,2026-02-19,
rattvik-4,Rättvik,4,Plastförpackningar,2026-04-02,
rattvik-4,Rättvik,4,Plastförpackningar,2026-05-14,
rattvik-4,Rättvik,4,Plastförpackningar,2026-06-25,
rattvik-4,Rättvik,4,Plastförpackningar,2026-08-06,
rattvik-4,Rättvik,4,Plastförpackningar,2026-09-17,
rattvik-4,Rättvik,4,Plastförpackningar,2026-10-29,
rattvik-4,Rättvik,4,Plastförpackningar,2026-12-10,
rattvik-4,Rättvik,4,Pappersförpackningar,2026-01-22,
rattvik-4,Rättvik,4,Pappersförpackningar,2026-03-05,
rattvik-4,Rättvik,4,Pappersförpackningar,2026-04-16,
rattvik-4,Rättvik,4,Pappersförpackningar,2026-05-28,
rattvik-4,Rättvik,4,Pappersförpackningar,2026-07-09,
rattvik-4,Rättvik,4,Pappersförpackningar,2026-08-20,
rattvik-4,Rättvik,4,Pappersförpackningar,2026-10-01,
rattvik-4,Rättvik,4,Pappersförpackningar,2026-11-12,
rattvik-4,Rättvik,4,Pappersförpackningar,2026-12-24,
rattvik-5,Rättvik,5,Matavfall,2026-01-12,
rattvik-5,Rättvik,5,Matavfall,2026-01-26,
rattvik-5,Rättvik,5,Matavfall,2026-02-09,
rattvik-5,Rättvik,5,Matavfall,2026-02-23,
rattvik-5,Rättvik,5,Matavfall,2026-03-09,
rattvik-5,Rättvik,5,Matavfall,2026-03-23,
rattvik-5,Rättvik,5,Matavfall,2026-04-06,
rattvik-5,Rättvik,5,Matavfall,2026-04-20,
rattvik-5,Rättvik,5,Matavfall,2026-05-04,
rattvik-5,Rättvik,5,Matavfall,2026-05-18,
rattvik-5,Rättvik,5,Matavfall,2026-06-01,
rattvik-5,Rättvik,5,Matavfall,2026-06-15,
rattvik-5,Rättvik,5,Matavfall,2026-06-29,
rattvik-5,Rättvik,5,Matavfall,2026-07-13,
rattvik-5,Rättvik,5,Matavfall,2026-07-27,
rattvik-5,Rättvik,5,Matavfall,2026-08-10,
rattvik-5,Rättvik,5,Matavfall,2026-08-24,
rattvik-5,Rättvik,5,Matavfall,2026-09-07,
rattvik-5,Rättvik,5,Matavfall,2026-09-21,
rattvik-5,Rättvik,5,Matavfall,2026-10-05,
rattvik-5,Rättvik,5,Matavfall,2026-10-19,
rattvik-5,Rättvik,5,Matavfall,2026-11-02,
rattvik-5,Rättvik,5,Matavfall,2026-11-16,
rattvik-5,Rättvik,5,Matavfall,2026-11-30,
rattvik-5,Rättvik,5,Matavfall,2026-12-14,
rattvik-5,Rättvik,5,Matavfall,2026-12-28,
rattvik-5,Rättvik,5,Restavfall,2026-01-12,
rattvik-5,Rättvik,5,Restavfall,2026-02-23,
rattvik-5,Rättvik,5,Restavfall,2026-04-06,
rattvik-5,Rättvik,5,Restavfall,2026-05-18,
rattvik-5,Rättvik,5,Restavfall,2026-06-29,
rattvik-5,Rättvik,5,Restavfall,2026-08-10,
rattvik-5,Rättvik,5,Restavfall,2026-09-21,
rattvik-5,Rättvik,5,Restavfall,2026-11-02,
rattvik-5,Rättvik,5,Restavfall,2026-12-14,
rattvik-5,Rättvik,5,Plastförpackningar,2026-01-26,
rattvik-5,Rättvik,5,Plastförpackningar,2026-03-09,
rattvik-5,Rättvik,5,Plastförpackningar,2026-04-20,
rattvik-5,Rättvik,5,Plastförpackningar,2026-06-01,
rattvik-5,Rättvik,5,Plastförpackningar,2026-07-13,
rattvik-5,Rättvik,5,Plastförpackningar,2026-08-24,
rattvik-5,Rättvik,5,Plastförpackningar,2026-10-05,
rattvik-5,Rättvik,5,Plastförpackningar,2026-11-16,
rattvik-5,Rättvik,5,Plastförpackningar,2026-12-28,
rattvik-5,Rättvik,5,Pappersförpackningar,2026-02-09,
rattvik-5,Rättvik,5,Pappersförpackningar,2026-03-23,
rattvik-5,Rättvik,5,Pappersförpackningar,2026-05-04,
rattvik-5,Rättvik,5,Pappersförpackningar,2026-06-15,
rattvik-5,Rättvik,5,Pappersförpackningar,2026-07-27,
rattvik-5,Rättvik,5,Pappersförpackningar,2026-09-07,
rattvik-5,Rättvik,5,Pappersförpackningar,2026-10-19,
rattvik-5,Rättvik,5,Pappersförpackningar,2026-11-30,
rattvik-6,Rättvik,6,Matavfall,2026-01-13,
rattvik-6,Rättvik,6,Matavfall,2026-01-27,
rattvik-6,Rättvik,6,Matavfall,2026-02-10,
rattvik-6,Rättvik,6,Matavfall,2026-02-24,
rattvik-6,Rättvik,6,Matavfall,2026-03-10,
rattvik-6,Rättvik,6,Matavfall,2026-03-24,
rattvik-6,Rättvik,6,Matavfall,2026-04-07,
rattvik-6,Rättvik,6,Matavfall,2026-04-21,
rattvik-6,Rättvik,6,Matavfall,2026-05-05,
rattvik-6,Rättvik,6,Matavfall,2026-05-19,
rattvik-6,Rättvik,6,Matavfall,2026-06-02,
rattvik-6,Rättvik,6,Matavfall,2026-06-16,
rattvik-6,Rättvik,6,Matavfall,2026-06-30,
rattvik-6,Rättvik,6,Matavfall,2026-07-14,
rattvik-6,Rättvik,6,Matavfall,2026-07-28,
rattvik-6,Rättvik,6,Matavfall,2026-08-11,
rattvik-6,Rättvik,6,Matavfall,2026-08-25,
rattvik-6,Rättvik,6,Matavfall,2026-09-08,
rattvik-6,Rättvik,6,Matavfall,2026-09-22,
rattvik-6,Rättvik,6,Matavfall,2026-10-06,
rattvik-6,Rättvik,6,Matavfall,2026-10-20,
rattvik-6,Rättvik,6,Matavfall,2026-11-03,
rattvik-6,Rättvik,6,Matavfall,2026-11-17,
rattvik-6,Rättvik,6,Matavfall,2026-12-01,
rattvik-6,Rättvik,6,Matavfall,2026-12-15,
rattvik-6,Rättvik,6,Matavfall,2026-12-29,
rattvik-6,Rättvik,6,Restavfall,2026-01-27,
rattvik-6,Rättvik,6,Restavfall,2026-03-10,
rattvik-6,Rättvik,6,Restavfall,2026-04-21,
rattvik-6,Rättvik,6,Restavfall,2026-06-02,
rattvik-6,Rättvik,6,Restavfall,2026-07-14,
rattvik-6,Rättvik,6,Restavfall,2026-08-25,
rattvik-6,Rättvik,6,Restavfall,2026-10-06,
rattvik-6,Rättvik,6,Restavfall,2026-11-17,
rattvik-6,Rättvik,6,Restavfall,2026-12-29,
rattvik-6,Rättvik,6,Plastförpackningar,2026-02-10,
rattvik-6,Rättvik,6,Plastförpackningar,2026-03-24,
rattvik-6,Rättvik,6,Plastförpackningar,2026-05-05,
rattvik-6,Rättvik,6,Plastförpackningar,2026-06-16,
rattvik-6,Rättvik,6,Plastförpackningar,2026-07-28,
rattvik-6,Rättvik,6,Plastförpackningar,2026-09-08,
rattvik-6,Rättvik,6,Plastförpackningar,2026-10-20,
rattvik-6,Rättvik,6,Plastförpackningar,2026-12-01,
rattvik-6,Rättvik,6,Pappersförpackningar,2026-01-13,
rattvik-6,Rättvik,6,Pappersförpackningar,2026-02-24,
rattvik-6,Rättvik,6,Pappersförpackningar,2026-04-07,
rattvik-6,Rättvik,6,Pappersförpackningar,2026-05-19,
rattvik-6,Rättvik,6,Pappersförpackningar,2026-06-30,
rattvik-6,Rättvik,6,Pappersförpackningar,2026-08-11,
rattvik-6,Rättvik,6,Pappersförpackningar,2026-09-22,
rattvik-6,Rättvik,6,Pappersförpackningar,2026-11-03,
rattvik-6,Rättvik,6,Pappersförpackningar,2026-12-15,
rattvik-7,Rättvik,7,Matavfall,2026-01-14,
rattvik-7,Rättvik,7,Matavfall,2026-01-28,
rattvik-7,Rättvik,7,Matavfall,2026-02-11,
rattvik-7,Rättvik,7,Matavfall,2026-02-25,
rattvik-7,Rättvik,7,Matavfall,2026-03-11,
rattvik-7,Rättvik,7,Matavfall,2026-03-25,
rattvik-7,Rättvik,7,Matavfall,2026-04-08,
rattvik-7,Rättvik,7,Matavfall,2026-04-22,
rattvik-7,Rättvik,7,Matavfall,2026-05-06,
rattvik-7,Rättvik,7,Matavfall,2026-05-20,
rattvik-7,Rättvik,7,Matavfall,2026-06-03,
rattvik-7,Rättvik,7,Matavfall,2026-06-17,
rattvik-7,Rättvik,7,Matavfall,2026-07-01,
rattvik-7,Rättvik,7,Matavfall,2026-07-15,
rattvik-7,Rättvik,7,Matavfall,2026-07-29,
rattvik-7,Rättvik,7,Matavfall,2026-08-12,
rattvik-7,Rättvik,7,Matavfall,2026-08-26,
rattvik-7,Rättvik,7,Matavfall,2026-09-09,
rattvik-7,Rättvik,7,Matavfall,2026-09-23,
rattvik-7,Rättvik,7,Matavfall,2026-10-07,
rattvik-7,Rättvik,7,Matavfall,2026-10-21,
rattvik-7,Rättvik,7,Matavfall,2026-11-04,
rattvik-7,Rättvik,7,Matavfall,2026-11-18,
rattvik-7,Rättvik,7,Matavfall,2026-12-02,
rattvik-7,Rättvik,7,Matavfall,2026-12-16,
rattvik-7,Rättvik,7,Matavfall,2026-12-30,
rattvik-7,Rättvik,7,Restavfall,2026-02-11,
rattvik-7,Rättvik,7,Restavfall,2026-03-25,
rattvik-7,Rättvik,7,Restavfall,2026-05-06,
rattvik-7,Rättvik,7,Restavfall,2026-06-17,
rattvik-7,Rättvik,7,Restavfall,2026-07-29,
rattvik-7,Rättvik,7,Restavfall,2026-09-09,
rattvik-7,Rättvik,7,Restavfall,2026-10-21,
rattvik-7,Rättvik,7,Restavfall,2026-12-02,
rattvik-7,Rättvik,7,Plastförpackningar,2026-01-14,
rattvik-7,Rättvik,7,Plastförpackningar,2026-02-25,
rattvik-7,Rättvik,7,Plastförpackningar,2026-04-08,
rattvik-7,Rättvik,7,Plastförpackningar,2026-05-20,
rattvik-7,Rättvik,7,Plastförpackningar,2026-07-01,
rattvik-7,Rättvik,7,Plastförpackningar,2026-08-12,
rattvik-7,Rättvik,7,Plastförpackningar,2026-09-23,
rattvik-7,Rättvik,7,Plastförpackningar,2026-11-04,
rattvik-7,Rättvik,7,Plastförpackningar,2026-12-16,
rattvik-7,Rättvik,7,Pappersförpackningar,2026-01-28,
rattvik-7,Rättvik,7,Pappersförpackningar,2026-03-11,
rattvik-7,Rättvik,7,Pappersförpackningar,2026-04-22,
rattvik-7,Rättvik,7,Pappersförpackningar,2026-06-03,
rattvik-7,Rättvik,7,Pappersförpackningar,2026-07-15,
rattvik-7,Rättvik,7,Pappersförpackningar,2026-08-26,
rattvik-7,Rättvik,7,Pappersförpackningar,2026-10-07,
rattvik-7,Rättvik,7,Pappersförpackningar,2026-11-18,
rattvik-7,Rättvik,7,Pappersförpackningar,2026-12-30,
rattvik-8,Rättvik,8,Matavfall,2026-01-01,
rattvik-8,Rättvik,8,Matavfall,2026-01-15,
rattvik-8,Rättvik,8,Matavfall,2026-01-29,
rattvik-8,Rättvik,8,Matavfall,2026-02-12,
rattvik-8,Rättvik,8,Matavfall,2026-02-26,
rattvik-8,Rättvik,8,Matavfall,2026-03-12,
rattvik-8,Rättvik,8,Matavfall,2026-03-26,
rattvik-8,Rättvik,8,Matavfall,2026-04-09,
rattvik-8,Rättvik,8,Matavfall,2026-04-23,
rattvik-8,Rättvik,8,Matavfall,2026-05-07,
rattvik-8,Rättvik,8,Matavfall,2026-05-21,
rattvik-8,Rättvik,8,Matavfall,2026-06-04,
rattvik-8,Rättvik,8,Matavfall,2026-06-18,
rattvik-8,Rättvik,8,Matavfall,2026-07-02,
rattvik-8,Rättvik,8,Matavfall,2026-07-16,
rattvik-8,Rättvik,8,Matavfall,2026-07-30,
rattvik-8,Rättvik,8,Matavfall,2026-08-13,
rattvik-8,Rättvik,8,Matavfall,2026-08-27,
rattvik-8,Rättvik,8,Matavfall,2026-09-10,
rattvik-8,Rättvik,8,Matavfall,2026-09-24,
rattvik-8,Rättvik,8,Matavfall,2026-10-08,
rattvik-8,Rättvik,8,Matavfall,2026-10-22,
rattvik-8,Rättvik,8,Matavfall,2026-11-05,
rattvik-8,Rättvik,8,Matavfall,2026-11-19,
rattvik-8,Rättvik,8,Matavfall,2026-12-03,
rattvik-8,Rättvik,8,Matavfall,2026-12-17,
rattvik-8,Rättvik,8,Matavfall,2026-12-31,
rattvik-8,Rättvik,8,Restavfall,2026-01-15,
rattvik-8,Rättvik,8,Restavfall,2026-02-26,
rattvik-8,Rättvik,8,Restavfall,2026-04-09,
rattvik-8,Rättvik,8,Restavfall,2026-05-21,
rattvik-8,Rättvik,8,Restavfall,2026-07-02,
rattvik-8,Rättvik,8,Restavfall,2026-08-13,
rattvik-8,Rättvik,8,Restavfall,2026-09-24,
rattvik-8,Rättvik,8,Restavfall,2026-11-05,
rattvik-8,Rättvik,8,Restavfall,2026-12-17,
rattvik-8,Rättvik,8,Plastförpackningar,2026-01-29,
rattvik-8,Rättvik,8,Plastförpackningar,2026-03-12,
rattvik-8,Rättvik,8,Plastförpackningar,2026-04-23,
rattvik-8,Rättvik,8,Plastförpackningar,2026-06-04,
rattvik-8,Rättvik,8,Plastförpackningar,2026-07-16,
rattvik-8,Rättvik,8,Plastförpackningar,2026-08-27,
rattvik-8,Rättvik,8,Plastförpackningar,2026-10-08,
rattvik-8,Rättvik,8,Plastförpackningar,2026-11-19,
rattvik-8,Rättvik,8,Plastförpackningar,2026-12-31,
rattvik-8,Rättvik,8,Pappersförpackningar,2026-01-01,
rattvik-8,Rättvik,8,Pappersförpackningar,2026-02-12,
rattvik-8,Rättvik,8,Pappersförpackningar,2026-03-26,
rattvik-8,Rättvik,8,Pappersförpackningar,2026-05-07,
rattvik-8,Rättvik,8,Pappersförpackningar,2026-06-18,
rattvik-8,Rättvik,8,Pappersförpackningar,2026-07-30,
rattvik-8,Rättvik,8,Pappersförpackningar,2026-09-10,
rattvik-8,Rättvik,8,Pappersförpackningar,2026-10-22,
rattvik-8,Rättvik,8,Pappersförpackningar,2026-12-03,
vansbro-1,Vansbro,1,Matavfall,2026-01-05,
vansbro-1,Vansbro,1,Matavfall,2026-01-19,
vansbro-1,Vansbro,1,Matavfall,2026-02-02,
vansbro-1,Vansbro,1,Matavfall,2026-02-16,
vansbro-1,Vansbro,1,Matavfall,2026-03-02,
vansbro-1,Vansbro,1,Matavfall,2026-03-16,
vansbro-1,Vansbro,1,Matavfall,2026-03-30,
vansbro-1,Vansbro,1,Matavfall,2026-04-13,
vansbro-1,Vansbro,1,Matavfall,2026-04-27,
vansbro-1,Vansbro,1,Matavfall,2026-05-11,
vansbro-1,Vansbro,1,Matavfall,2026-05-25,
vansbro-1,Vansbro,1,Matavfall,2026-06-08,
vansbro-1,Vansbro,1,Matavfall,2026-06-22,
vansbro-1,Vansbro,1,Matavfall,2026-07-06,
vansbro-1,Vansbro,1,Matavfall,2026-07-20,
vansbro-1,Vansbro,1,Matavfall,2026-08-03,
vansbro-1,Vansbro,1,Matavfall,2026-08-17,
vansbro-1,Vansbro,1,Matavfall,2026-08-31,
vansbro-1,Vansbro,1,Matavfall,2026-09-14,
vansbro-1,Vansbro,1,Matavfall,2026-09-28,
vansbro-1,Vansbro,1,Matavfall,2026-10-12,
vansbro-1,Vansbro,1,Matavfall,2026-10-26,
vansbro-1,Vansbro,1,Matavfall,2026-11-09,
vansbro-1,Vansbro,1,Matavfall,2026-11-23,
vansbro-1,Vansbro,1,Matavfall,2026-12-07,
vansbro-1,Vansbro,1,Matavfall,2026-12-21,
vansbro-1,Vansbro,1,Restavfall,2026-02-02,
vansbro-1,Vansbro,1,Restavfall,2026-03-16,
vansbro-1,Vansbro,1,Restavfall,2026-04-27,
vansbro-1,Vansbro,1,Restavfall,2026-06-08,
vansbro-1,Vansbro,1,Restavfall,2026-07-20,
vansbro-1,Vansbro,1,Restavfall,2026-08-31,
vansbro-1,Vansbro,1,Restavfall,2026-10-12,
vansbro-1,Vansbro,1,Restavfall,2026-11-23,
vansbro-1,Vansbro,1,Plastförpackningar,2026-01-05,
vansbro-1,Vansbro,1,Plastförpackningar,2026-02-16,
vansbro-1,Vansbro,1,Plastförpackningar,2026-03-30,
vansbro-1,Vansbro,1,Plastförpackningar,2026-05-11,
vansbro-1,Vansbro,1,Plastförpackningar,2026-06-22,
vansbro-1,Vansbro,1,Plastförpackningar,2026-08-03,
vansbro-1,Vansbro,1,Plastförpackningar,2026-09-14,
vansbro-1,Vansbro,1,Plastförpackningar,2026-10-26,
vansbro-1,Vansbro,1,Plastförpackningar,2026-12-07,
vansbro-1,Vansbro,1,Pappersförpackningar,2026-01-19,
vansbro-1,Vansbro,1,Pappersförpackningar,2026-03-02,
vansbro-1,Vansbro,1,Pappersförpackningar,2026-04-13,
vansbro-1,Vansbro,1,Pappersförpackningar,2026-05-25,
vansbro-1,Vansbro,1,Pappersförpackningar,2026-07-06,
vansbro-1,Vansbro,1,Pappersförpackningar,2026-08-17,
vansbro-1,Vansbro,1,Pappersförpackningar,2026-09-28,
vansbro-1,Vansbro,1,Pappersförpackningar,2026-11-09,
vansbro-1,Vansbro,1,Pappersförpackningar,2026-12-21,
vansbro-2,Vansbro,2,Matavfall,2026-01-06,
vansbro-2,Vansbro,2,Matavfall,2026-01-20,
vansbro-2,Vansbro,2,Matavfall,2026-02-03,
vansbro-2,Vansbro,2,Matavfall,2026-02-17,
vansbro-2,Vansbro,2,Matavfall,2026-03-03,
vansbro-2,Vansbro,2,Matavfall,2026-03-17,
vansbro-2,Vansbro,2,Matavfall,2026-03-31,
vansbro-2,Vansbro,2,Matavfall,2026-04-14,
vansbro-2,Vansbro,2,Matavfall,2026-04-28,
vansbro-2,Vansbro,2,Matavfall,2026-05-12,
vansbro-2,Vansbro,2,Matavfall,2026-05-26,
vansbro-2,Vansbro,2,Matavfall,2026-06-09,
vansbro-2,Vansbro,2,Matavfall,2026-06-23,
vansbro-2,Vansbro,2,Matavfall,2026-07-07,
vansbro-2,Vansbro,2,Matavfall,2026-07-21,
vansbro-2,Vansbro,2,Matavfall,2026-08-04,
vansbro-2,Vansbro,2,Matavfall,2026-08-18,
vansbro-2,Vansbro,2,Matavfall,2026-09-01,
vansbro-2,Vansbro,2,Matavfall,2026-09-15,
vansbro-2,Vansbro,2,Matavfall,2026-09-29,
vansbro-2,Vansbro,2,Matavfall,2026-10-13,
vansbro-2,Vansbro,2,Matavfall,2026-10-27,
vansbro-2,Vansbro,2,Matavfall,2026-11-10,
vansbro-2,Vansbro,2,Matavfall,2026-11-24,
vansbro-2,Vansbro,2,Matavfall,2026-12-08,
vansbro-2,Vansbro,2,Matavfall,2026-12-22,
vansbro-2,Vansbro,2,Restavfall,2026-01-20,
vansbro-2,Vansbro,2,Restavfall,2026-03-03,
vansbro-2,Vansbro,2,Restavfall,2026-04-14,
vansbro-2,Vansbro,2,Restavfall,2026-05-26,
vansbro-2,Vansbro,2,Restavfall,2026-07-07,
vansbro-2,Vansbro,2,Restavfall,2026-08-18,
vansbro-2,Vansbro,2,Restavfall,2026-09-29,
vansbro-2,Vansbro,2,Restavfall,2026-11-10,
vansbro-2,Vansbro,2,Restavfall,2026-12-22,
vansbro-2,Vansbro,2,Plastförpackningar,2026-02-03,
vansbro-2,Vansbro,2,Plastförpackningar,2026-03-17,
vansbro-2,Vansbro,2,Plastförpackningar,2026-04-28,
vansbro-2,Vansbro,2,Plastförpackningar,2026-06-09,
vansbro-2,Vansbro,2,Plastförpackningar,2026-07-21,
vansbro-2,Vansbro,2,Plastförpackningar,2026-09-01,
vansbro-2,Vansbro,2,Plastförpackningar,2026-10-13,
vansbro-2,Vansbro,2,Plastförpackningar,2026-11-24,
vansbro-2,Vansbro,2,Pappersförpackningar,2026-01-06,
vansbro-2,Vansbro,2,Pappersförpackningar,2026-02-07,datum_avviker_från_angiven_veckodag
vansbro-2,Vansbro,2,Pappersförpackningar,2026-03-31,
vansbro-2,Vansbro,2,Pappersförpackningar,2026-05-12,
vansbro-2,Vansbro,2,Pappersförpackningar,2026-06-23,
vansbro-2,Vansbro,2,Pappersförpackningar,2026-08-04,
vansbro-2,Vansbro,2,Pappersförpackningar,2026-09-15,
vansbro-2,Vansbro,2,Pappersförpackningar,2026-10-27,
vansbro-2,Vansbro,2,Pappersförpackningar,2026-12-08,
vansbro-3,Vansbro,3,Matavfall,2026-01-08,
vansbro-3,Vansbro,3,Matavfall,2026-01-22,
vansbro-3,Vansbro,3,Matavfall,2026-02-05,
vansbro-3,Vansbro,3,Matavfall,2026-02-19,
vansbro-3,Vansbro,3,Matavfall,2026-03-05,
vansbro-3,Vansbro,3,Matavfall,2026-03-19,
vansbro-3,Vansbro,3,Matavfall,2026-04-02,
vansbro-3,Vansbro,3,Matavfall,2026-04-16,
vansbro-3,Vansbro,3,Matavfall,2026-04-30,
vansbro-3,Vansbro,3,Matavfall,2026-05-14,
vansbro-3,Vansbro,3,Matavfall,2026-05-28,
vansbro-3,Vansbro,3,Matavfall,2026-06-11,
vansbro-3,Vansbro,3,Matavfall,2026-06-25,
vansbro-3,Vansbro,3,Matavfall,2026-07-09,
vansbro-3,Vansbro,3,Matavfall,2026-07-23,
vansbro-3,Vansbro,3,Matavfall,2026-08-06,
vansbro-3,Vansbro,3,Matavfall,2026-08-20,
vansbro-3,Vansbro,3,Matavfall,2026-09-03,
vansbro-3,Vansbro,3,Matavfall,2026-09-17,
vansbro-3,Vansbro,3,Matavfall,2026-10-01,
vansbro-3,Vansbro,3,Matavfall,2026-10-15,
vansbro-3,Vansbro,3,Matavfall,2026-10-29,
vansbro-3,Vansbro,3,Matavfall,2026-11-12,
vansbro-3,Vansbro,3,Matavfall,2026-11-26,
vansbro-3,Vansbro,3,Matavfall,2026-12-10,
vansbro-3,Vansbro,3,Matavfall,2026-12-24,
vansbro-3,Vansbro,3,Restavfall,2026-01-08,
vansbro-3,Vansbro,3,Restavfall,2026-02-19,
vansbro-3,Vansbro,3,Restavfall,2026-04-02,
vansbro-3,Vansbro,3,Restavfall,2026-05-14,
vansbro-3,Vansbro,3,Restavfall,2026-06-25,
vansbro-3,Vansbro,3,Restavfall,2026-08-06,
vansbro-3,Vansbro,3,Restavfall,2026-09-17,
vansbro-3,Vansbro,3,Restavfall,2026-10-29,
vansbro-3,Vansbro,3,Restavfall,2026-12-10,
vansbro-3,Vansbro,3,Plastförpackningar,2026-01-22,
vansbro-3,Vansbro,3,Plastförpackningar,2026-03-05,
vansbro-3,Vansbro,3,Plastförpackningar,2026-04-16,
vansbro-3,Vansbro,3,Plastförpackningar,2026-05-28,
vansbro-3,Vansbro,3,Plastförpackningar,2026-07-09,
vansbro-3,Vansbro,3,Plastförpackningar,2026-08-20,
vansbro-3,Vansbro,3,Plastförpackningar,2026-10-01,
vansbro-3,Vansbro,3,Plastförpackningar,2026-11-12,
vansbro-3,Vansbro,3,Plastförpackningar,2026-12-24,
vansbro-3,Vansbro,3,Pappersförpackningar,2026-02-05,
vansbro-3,Vansbro,3,Pappersförpackningar,2026-03-19,
vansbro-3,Vansbro,3,Pappersförpackningar,2026-04-30,
vansbro-3,Vansbro,3,Pappersförpackningar,2026-06-11,
vansbro-3,Vansbro,3,Pappersförpackningar,2026-07-23,
vansbro-3,Vansbro,3,Pappersförpackningar,2026-09-03,
vansbro-3,Vansbro,3,Pappersförpackningar,2026-10-15,
vansbro-3,Vansbro,3,Pappersförpackningar,2026-11-26,
vansbro-4,Vansbro,4,Matavfall,2026-01-01,
vansbro-4,Vansbro,4,Matavfall,2026-01-15,
vansbro-4,Vansbro,4,Matavfall,2026-01-29,
vansbro-4,Vansbro,4,Matavfall,2026-02-12,
vansbro-4,Vansbro,4,Matavfall,2026-02-26,
vansbro-4,Vansbro,4,Matavfall,2026-03-12,
vansbro-4,Vansbro,4,Matavfall,2026-03-26,
vansbro-4,Vansbro,4,Matavfall,2026-04-09,
vansbro-4,Vansbro,4,Matavfall,2026-04-23,
vansbro-4,Vansbro,4,Matavfall,2026-05-07,
vansbro-4,Vansbro,4,Matavfall,2026-05-21,
vansbro-4,Vansbro,4,Matavfall,2026-06-04,
vansbro-4,Vansbro,4,Matavfall,2026-06-18,
vansbro-4,Vansbro,4,Matavfall,2026-07-02,
vansbro-4,Vansbro,4,Matavfall,2026-07-16,
vansbro-4,Vansbro,4,Matavfall,2026-07-30,
vansbro-4,Vansbro,4,Matavfall,2026-08-13,
vansbro-4,Vansbro,4,Matavfall,2026-08-27,
vansbro-4,Vansbro,4,Matavfall,2026-09-10,
vansbro-4,Vansbro,4,Matavfall,2026-09-24,
vansbro-4,Vansbro,4,Matavfall,2026-10-08,
vansbro-4,Vansbro,4,Matavfall,2026-10-22,
vansbro-4,Vansbro,4,Matavfall,2026-11-05,
vansbro-4,Vansbro,4,Matavfall,2026-11-19,
vansbro-4,Vansbro,4,Matavfall,2026-12-03,
vansbro-4,Vansbro,4,Matavfall,2026-12-17,
vansbro-4,Vansbro,4,Matavfall,2026-12-31,
vansbro-4,Vansbro,4,Restavfall,2026-01-01,
vansbro-4,Vansbro,4,Restavfall,2026-02-12,
vansbro-4,Vansbro,4,Restavfall,2026-03-26,
vansbro-4,Vansbro,4,Restavfall,2026-05-07,
vansbro-4,Vansbro,4,Restavfall,2026-06-18,
vansbro-4,Vansbro,4,Restavfall,2026-07-30,
vansbro-4,Vansbro,4,Restavfall,2026-09-10,
vansbro-4,Vansbro,4,Restavfall,2026-10-22,
vansbro-4,Vansbro,4,Restavfall,2026-12-03,
vansbro-4,Vansbro,4,Plastförpackningar,2026-01-15,
vansbro-4,Vansbro,4,Plastförpackningar,2026-02-26,
vansbro-4,Vansbro,4,Plastförpackningar,2026-04-09,
vansbro-4,Vansbro,4,Plastförpackningar,2026-05-21,
vansbro-4,Vansbro,4,Plastförpackningar,2026-07-02,
vansbro-4,Vansbro,4,Plastförpackningar,2026-08-13,
vansbro-4,Vansbro,4,Plastförpackningar,2026-09-24,
vansbro-4,Vansbro,4,Plastförpackningar,2026-11-05,
vansbro-4,Vansbro,4,Plastförpackningar,2026-12-17,
vansbro-4,Vansbro,4,Pappersförpackningar,2026-01-29,
vansbro-4,Vansbro,4,Pappersförpackningar,2026-03-12,
vansbro-4,Vansbro,4,Pappersförpackningar,2026-04-23,
vansbro-4,Vansbro,4,Pappersförpackningar,2026-06-04,
vansbro-4,Vansbro,4,Pappersförpackningar,2026-07-16,
vansbro-4,Vansbro,4,Pappersförpackningar,2026-08-27,
vansbro-4,Vansbro,4,Pappersförpackningar,2026-10-08,
vansbro-4,Vansbro,4,Pappersförpackningar,2026-11-19,
vansbro-4,Vansbro,4,Pappersförpackningar,2026-12-31,
vansbro-5,Vansbro,5,Matavfall,2026-01-09,
vansbro-5,Vansbro,5,Matavfall,2026-01-23,
vansbro-5,Vansbro,5,Matavfall,2026-02-06,
vansbro-5,Vansbro,5,Matavfall,2026-02-20,
vansbro-5,Vansbro,5,Matavfall,2026-03-06,
vansbro-5,Vansbro,5,Matavfall,2026-03-20,
vansbro-5,Vansbro,5,Matavfall,2026-04-03,
vansbro-5,Vansbro,5,Matavfall,2026-04-17,
vansbro-5,Vansbro,5,Matavfall,2026-05-01,
vansbro-5,Vansbro,5,Matavfall,2026-05-15,
vansbro-5,Vansbro,5,Matavfall,2026-05-29,
vansbro-5,Vansbro,5,Matavfall,2026-06-12,
vansbro-5,Vansbro,5,Matavfall,2026-06-26,
vansbro-5,Vansbro,5,Matavfall,2026-07-10,
vansbro-5,Vansbro,5,Matavfall,2026-07-24,
vansbro-5,Vansbro,5,Matavfall,2026-08-07,
vansbro-5,Vansbro,5,Matavfall,2026-08-21,
vansbro-5,Vansbro,5,Matavfall,2026-09-04,
vansbro-5,Vansbro,5,Matavfall,2026-09-18,
vansbro-5,Vansbro,5,Matavfall,2026-10-02,
vansbro-5,Vansbro,5,Matavfall,2026-10-16,
vansbro-5,Vansbro,5,Matavfall,2026-10-30,
vansbro-5,Vansbro,5,Matavfall,2026-11-13,
vansbro-5,Vansbro,5,Matavfall,2026-11-27,
vansbro-5,Vansbro,5,Matavfall,2026-12-11,
vansbro-5,Vansbro,5,Matavfall,2026-12-25,
vansbro-5,Vansbro,5,Restavfall,2026-02-06,
vansbro-5,Vansbro,5,Restavfall,2026-03-20,
vansbro-5,Vansbro,5,Restavfall,2026-05-01,
vansbro-5,Vansbro,5,Restavfall,2026-06-12,
vansbro-5,Vansbro,5,Restavfall,2026-07-24,
vansbro-5,Vansbro,5,Restavfall,2026-09-04,
vansbro-5,Vansbro,5,Restavfall,2026-10-16,
vansbro-5,Vansbro,5,Restavfall,2026-11-27,
vansbro-5,Vansbro,5,Plastförpackningar,2026-01-09,
vansbro-5,Vansbro,5,Plastförpackningar,2026-02-20,
vansbro-5,Vansbro,5,Plastförpackningar,2026-04-03,
vansbro-5,Vansbro,5,Plastförpackningar,2026-05-15,
vansbro-5,Vansbro,5,Plastförpackningar,2026-06-26,
vansbro-5,Vansbro,5,Plastförpackningar,2026-08-07,
vansbro-5,Vansbro,5,Plastförpackningar,2026-09-18,
vansbro-5,Vansbro,5,Plastförpackningar,2026-10-30,
vansbro-5,Vansbro,5,Plastförpackningar,2026-12-11,
vansbro-5,Vansbro,5,Pappersförpackningar,2026-01-23,
vansbro-5,Vansbro,5,Pappersförpackningar,2026-03-06,
vansbro-5,Vansbro,5,Pappersförpackningar,2026-04-17,
vansbro-5,Vansbro,5,Pappersförpackningar,2026-05-29,
vansbro-5,Vansbro,5,Pappersförpackningar,2026-07-10,
vansbro-5,Vansbro,5,Pappersförpackningar,2026-08-21,
vansbro-5,Vansbro,5,Pappersförpackningar,2026-10-02,
vansbro-5,Vansbro,5,Pappersförpackningar,2026-11-13,
vansbro-5,Vansbro,5,Pappersförpackningar,2026-12-25,
vansbro-6,Vansbro,6,Matavfall,2026-01-12,
vansbro-6,Vansbro,6,Matavfall,2026-01-26,
vansbro-6,Vansbro,6,Matavfall,2026-02-09,
vansbro-6,Vansbro,6,Matavfall,2026-02-23,
vansbro-6,Vansbro,6,Matavfall,2026-03-09,
vansbro-6,Vansbro,6,Matavfall,2026-03-23,
vansbro-6,Vansbro,6,Matavfall,2026-04-06,
vansbro-6,Vansbro,6,Matavfall,2026-04-20,
vansbro-6,Vansbro,6,Matavfall,2026-05-04,
vansbro-6,Vansbro,6,Matavfall,2026-05-18,
vansbro-6,Vansbro,6,Matavfall,2026-06-01,
vansbro-6,Vansbro,6,Matavfall,2026-06-15,
vansbro-6,Vansbro,6,Matavfall,2026-06-29,
vansbro-6,Vansbro,6,Matavfall,2026-07-13,
vansbro-6,Vansbro,6,Matavfall,2026-07-27,
vansbro-6,Vansbro,6,Matavfall,2026-08-10,
vansbro-6,Vansbro,6,Matavfall,2026-08-24,
vansbro-6,Vansbro,6,Matavfall,2026-09-07,
vansbro-6,Vansbro,6,Matavfall,2026-09-21,
vansbro-6,Vansbro,6,Matavfall,2026-10-05,
vansbro-6,Vansbro,6,Matavfall,2026-10-19,
vansbro-6,Vansbro,6,Matavfall,2026-11-02,
vansbro-6,Vansbro,6,Matavfall,2026-11-16,
vansbro-6,Vansbro,6,Matavfall,2026-11-30,
vansbro-6,Vansbro,6,Matavfall,2026-12-14,
vansbro-6,Vansbro,6,Matavfall,2026-12-28,
vansbro-6,Vansbro,6,Restavfall,2026-01-26,
vansbro-6,Vansbro,6,Restavfall,2026-03-09,
vansbro-6,Vansbro,6,Restavfall,2026-04-20,
vansbro-6,Vansbro,6,Restavfall,2026-06-01,
vansbro-6,Vansbro,6,Restavfall,2026-07-13,
vansbro-6,Vansbro,6,Restavfall,2026-08-24,
vansbro-6,Vansbro,6,Restavfall,2026-10-05,
vansbro-6,Vansbro,6,Restavfall,2026-11-16,
vansbro-6,Vansbro,6,Restavfall,2026-12-28,
vansbro-6,Vansbro,6,Plastförpackningar,2026-02-09,
vansbro-6,Vansbro,6,Plastförpackningar,2026-03-23,
vansbro-6,Vansbro,6,Plastförpackningar,2026-05-04,
vansbro-6,Vansbro,6,Plastförpackningar,2026-06-15,
vansbro-6,Vansbro,6,Plastförpackningar,2026-07-27,
vansbro-6,Vansbro,6,Plastförpackningar,2026-09-07,
vansbro-6,Vansbro,6,Plastförpackningar,2026-10-19,
vansbro-6,Vansbro,6,Plastförpackningar,2026-11-30,
vansbro-6,Vansbro,6,Pappersförpackningar,2026-01-12,
vansbro-6,Vansbro,6,Pappersförpackningar,2026-02-23,
vansbro-6,Vansbro,6,Pappersförpackningar,2026-04-06,
vansbro-6,Vansbro,6,Pappersförpackningar,2026-05-18,
vansbro-6,Vansbro,6,Pappersförpackningar,2026-06-29,
vansbro-6,Vansbro,6,Pappersförpackningar,2026-08-10,
vansbro-6,Vansbro,6,Pappersförpackningar,2026-09-21,
vansbro-6,Vansbro,6,Pappersförpackningar,2026-11-02,
vansbro-6,Vansbro,6,Pappersförpackningar,2026-12-14,
vansbro-7,Vansbro,7,Matavfall,2026-01-14,
vansbro-7,Vansbro,7,Matavfall,2026-01-28,
vansbro-7,Vansbro,7,Matavfall,2026-02-11,
vansbro-7,Vansbro,7,Matavfall,2026-02-25,
vansbro-7,Vansbro,7,Matavfall,2026-03-11,
vansbro-7,Vansbro,7,Matavfall,2026-03-25,
vansbro-7,Vansbro,7,Matavfall,2026-04-08,
vansbro-7,Vansbro,7,Matavfall,2026-04-22,
vansbro-7,Vansbro,7,Matavfall,2026-05-06,
vansbro-7,Vansbro,7,Matavfall,2026-05-20,
vansbro-7,Vansbro,7,Matavfall,2026-06-03,
vansbro-7,Vansbro,7,Matavfall,2026-06-17,
vansbro-7,Vansbro,7,Matavfall,2026-07-01,
vansbro-7,Vansbro,7,Matavfall,2026-07-15,
vansbro-7,Vansbro,7,Matavfall,2026-07-29,
vansbro-7,Vansbro,7,Matavfall,2026-08-12,
vansbro-7,Vansbro,7,Matavfall,2026-08-26,
vansbro-7,Vansbro,7,Matavfall,2026-09-09,
vansbro-7,Vansbro,7,Matavfall,2026-09-23,
vansbro-7,Vansbro,7,Matavfall,2026-10-07,
vansbro-7,Vansbro,7,Matavfall,2026-10-21,
vansbro-7,Vansbro,7,Matavfall,2026-11-04,
vansbro-7,Vansbro,7,Matavfall,2026-11-18,
vansbro-7,Vansbro,7,Matavfall,2026-12-02,
vansbro-7,Vansbro,7,Matavfall,2026-12-16,
vansbro-7,Vansbro,7,Matavfall,2026-12-30,
vansbro-7,Vansbro,7,Restavfall,2026-01-14,
vansbro-7,Vansbro,7,Restavfall,2026-02-25,
vansbro-7,Vansbro,7,Restavfall,2026-04-08,
vansbro-7,Vansbro,7,Restavfall,2026-05-20,
vansbro-7,Vansbro,7,Restavfall,2026-07-01,
vansbro-7,Vansbro,7,Restavfall,2026-08-12,
vansbro-7,Vansbro,7,Restavfall,2026-09-23,
vansbro-7,Vansbro,7,Restavfall,2026-11-04,
vansbro-7,Vansbro,7,Restavfall,2026-12-16,
vansbro-7,Vansbro,7,Plastförpackningar,2026-01-28,
vansbro-7,Vansbro,7,Plastförpackningar,2026-03-11,
vansbro-7,Vansbro,7,Plastförpackningar,2026-04-22,
vansbro-7,Vansbro,7,Plastförpackningar,2026-06-03,
vansbro-7,Vansbro,7,Plastförpackningar,2026-07-15,
vansbro-7,Vansbro,7,Plastförpackningar,2026-08-26,
vansbro-7,Vansbro,7,Plastförpackningar,2026-10-07,
vansbro-7,Vansbro,7,Plastförpackningar,2026-11-18,
vansbro-7,Vansbro,7,Plastförpackningar,2026-12-30,
vansbro-7,Vansbro,7,Pappersförpackningar,2026-02-11,
vansbro-7,Vansbro,7,Pappersförpackningar,2026-03-25,
vansbro-7,Vansbro,7,Pappersförpackningar,2026-05-06,
vansbro-7,Vansbro,7,Pappersförpackningar,2026-06-17,
vansbro-7,Vansbro,7,Pappersförpackningar,2026-07-29,
vansbro-7,Vansbro,7,Pappersförpackningar,2026-09-09,
vansbro-7,Vansbro,7,Pappersförpackningar,2026-10-21,
vansbro-7,Vansbro,7,Pappersförpackningar,2026-12-02,
