tract_id,municipality,tract,weekday,week_parity,places,anchor_place,anchor_lat,anchor_lon,source_flags,source_url
gagnef-1,Gagnef,1,Tisdag,Jämna,"Färmsnäs, Högsveden, Borgsheden, Nordanholen, Heden, Högberget Skampervägen, Lassas Hage, Lindbyn, Nordanbyn, Nyåkern, Heden",Färmsnäs,60.5215281,14.9837337,källstavning:jebruari,https://www.dalavattenavfall.se/avfall-och-atervinning/sophamtningsschema.html
gagnef-2,Gagnef,2,Onsdag,Jämna,"Björbo Centrum, Holarna, Nybyn, Gybäcksholan, Handbacken, Forsen, Gåsholmen, Källbäcken",Björbo,60.456683,14.7272515,,https://www.dalavattenavfall.se/avfall-och-atervinning/sophamtningsschema.html
gagnef-3,Gagnef,3,Fredag,Jämna,"Djurås Centrum, Skogen, Tägtvägen, Fagervägen, Skogsvägen, Djurås By, Färjbacken, Kiltäppan",Djurås Centrum,60.5603155,15.1318023,,https://www.dalavattenavfall.se/avfall-och-atervinning/sophamtningsschema.html
gagnef-4,Gagnef,4,Måndag,Udda,"Gräv, Gråda, Gärde, Österfors, Nedre Tjärna, Kyrkbyn, Kyrkbyvägen, Tegelbruksvägen, Rännarhedsvägen, Wernervägen, Sörbyn, Tallbacken",Gräv,60.6166722,15.048735,,https://www.dalavattenavfall.se/avfall-och-atervinning/sophamtningsschema.html
gagnef-5,Gagnef,5,Tisdag,Udda,"Benarvet, Jugasåkern, Västanbäcken, Myrholen, Heden, Björka, By, Ellheden, Nysäl, Bröttjärna, Holarna, Stängsla, Backen, Ersholen",Björka,60.5324845,15.0826398,,https://www.dalavattenavfall.se/avfall-och-atervinning/sophamtningsschema.html
gagnef-6,Gagnef,6,Onsdag,Udda,"Mjälgen, Bodarna, Myrheden, Arvslindan, Bäsna",Mjälgen,60.5543357,15.1097482,källstavning:jebruari,https://www.dalavattenavfall.se/avfall-och-atervinning/sophamtningsschema.html
gagnef-7,Gagnef,7,Torsdag,Udda,"Djurmo, Bäckan, Sifferbo",Djurmo,60.5495726,15.1895956,,https://www.dalavattenavfall.se/avfall-och-atervinning/sophamtningsschema.html
gagnef-8,Gagnef,8,Fredag,Udda,"Syrholen, Risholn, Mossel, Bäckbyn, Svedjebyn, Sälje Forsgärdet, Hagen, Holsåker",Syrholen,60.511934,14.8072939,datum_avviker_från_angiven_veckodag;källstavning:jebruari,https://www.dalavattenavfall.se/avfall-och-atervinning/sophamtningsschema.html
gagnef-9,Gagnef,9,Måndag,Jämna,"Övre Tjärna, Tjärna, Stationsområdet, Moje, Gröntuv, Hampgårdarna, Holen, Prosgårdarna",Övre Tjärna,60.6026112,15.0630233,,https://www.dalavattenavfall.se/avfall-och-atervinning/sophamtningsschema.html
gagnef-10,Gagnef,10,Torsdag,Jämna,"Rista, Mon, Lindan, Djur, Svedjan, Näset, Snobbrännan, Överbacka, Östtjärna, Västtjärna, Bomsarvet, Dunkarbacken, Gruvan, Nordåker, Gagnefsbyn, Nordbäck, Västerfors, Älvnäs",Rista,60.5316701,15.0240634,datum_avviker_från_angiven_veckodag,https://www.dalavattenavfall.se/avfall-och-atervinning/sophamtningsschema.html
leksand-1,Leksand,1,Måndag,Jämna,"Insjön Tunsta, Holsåkern, Ålbyn, Lustholen, Åhl-Sätra, Faluvägen, Holen, Ål-Tällberg Nedre Heden, Knippboheden, Övre Heden, Knippbodarna, Lövladbo",Insjön,60.6794193,15.0923237,,https://www.dalavattenavfall.se/avfall-och-atervinning/sophamtningsschema.html
leksand-2,Leksand,2,Tisdag,Jämna,"Övermo, Edshult, Åkerö, Lisselby, Insjövägen",Övermo,60.7267794,15.0175979,,https://www.dalavattenavfall.se/avfall-och-atervinning/sophamtningsschema.html
leksand-3,Leksand,3,Onsdag,Jämna,"Byggningen, Bränngärdet, Hjortnäsheden, Sunnanäng, Hjortnäs, Dalsberget, Sandåsarna, Tällberg, Plintsberg",Byggningen,60.7602284,14.976895,,https://www.dalavattenavfall.se/avfall-och-atervinning/sophamtningsschema.html
leksand-4,Leksand,4,Torsdag,Jämna,"Moskogen, Källberget, Yttermo, Mjälgen, Gärde, Ytteråkerö, Smedby, Västannor, Hagen",Moskogen,60.7198151,15.0069569,,https://www.dalavattenavfall.se/avfall-och-atervinning/sophamtningsschema.html
leksand-5,Leksand,5,Fredag,Jämna,"Djura, Styrsjöbo, Heden, Hästberg, Jonheden, Knutsgårdarna, Rälta, Rältlindor",Djura,60.612263,15.0054703,,https://www.dalavattenavfall.se/avfall-och-atervinning/sophamtningsschema.html
leksand-6,Leksand,6,Måndag,Udda,"Noret, Siljansvägen, Lima, Kärringberget, Limhagen",Noret,60.7311979,14.9973408,,https://www.dalavattenavfall.se/avfall-och-atervinning/sophamtningsschema.html
leksand-7,Leksand,7,Tisdag,Udda,"Norsbro, Lycka, Tibble, Ullvi, Hälla, Romma, Berg, Rönnäs, Helgnäs, Brenäs",Norsbro,60.7316926,15.0153359,datum_avviker_från_angiven_veckodag,https://www.dalavattenavfall.se/avfall-och-atervinning/sophamtningsschema.html
leksand-8,Leksand,8,Onsdag,Udda,"Almo, Alvik, Räckselbackarna, Gassarvet, Tasbäck, Karlsarvet, Västanvik, Grytnäs, Sundsnäs",Almo,60.755484,14.8507352,datum_avviker_från_angiven_veckodag,https://www.dalavattenavfall.se/avfall-och-atervinning/sophamtningsschema.html
leksand-9,Leksand,9,Torsdag,Udda,Siljansnäs,Siljansnäs,60.7753921,14.857697,,https://www.dalavattenavfall.se/avfall-och-atervinning/sophamtningsschema.html
leksand-10,Leksand,10,Fredag,Udda,"Laknäs, Östanhol, Kullsbjörken, Leksboda, Sjugare, Torrberg, Norr och Söder Bergsäng, Västberg",Laknäs,60.8357056,14.982183,datum_avviker_från_angiven_veckodag,https://www.dalavattenavfall.se/avfall-och-atervinning/sophamtningsschema.html
rattvik-1,Rättvik,1,Måndag,Jämna,"Furudal, Furudalsbruk, Näset, Böle, Dalfors, Norrboda, Sörboda, Sunnanhed, Östansjö, Östanvik",Furudal,61.1707998,15.1366774,,https://www.dalavattenavfall.se/avfall-och-atervinning/sophamtningsschema.html
rattvik-2,Rättvik,2,Tisdag,Jämna,"Hjortgården, Kalkbackarna, Granmor, Vikarbyn N om RV 70 fram till Röjeråsv., Röjeråsvägen, Västbjörka, Röjeråsen, Tammeråsen, Öja",Vikarbyn,60.9106397,15.0237761,,https://www.dalavattenavfall.se/avfall-och-atervinning/sophamtningsschema.html
rattvik-3,Rättvik,3,Onsdag,Jämna,"Västanå, Solberga, Ovanmyra, Lenåsen, Östra Boda, Österängarna, Baggetorp, Nedre Gärdsjö, Övre Gärdsjö, Ingels, Lisskog, Blecket, Born, Stenbacken",Västanå,60.982882,15.2002799,,https://www.dalavattenavfall.se/avfall-och-atervinning/sophamtningsschema.html
rattvik-4,Rättvik,4,Torsdag,Jämna,"Hedslund/Nyheden, Altsarbyn, Vidablick, Hagas väg, Börjesväg, Bäck, Mårtanberg, Söderåsbacken RV 69, Centrum, Söderås, Utanåker, Östergrav, Västergrav, Västgärde, Utby",Rättvik,60.8837542,15.1226783,,https://www.dalavattenavfall.se/avfall-och-atervinning/sophamtningsschema.html
rattvik-5,Rättvik,5,Måndag,Udda,"Backa, Östbjörka, Sätra, Västberg, Rovgärdet, Nittsjö, Templet, Lugnet",Backa,60.9240204,15.1208281,,https://www.dalavattenavfall.se/avfall-och-atervinning/sophamtningsschema.html
rattvik-6,Rättvik,6,Tisdag,Udda,"Änderåsen, Kärvsåsen, Osmundsberg, Gulleråsen, Dalbyn, Arvet, Boda, Silverberg",Änderåsen,61.0413261,15.1979355,,https://www.dalavattenavfall.se/avfall-och-atervinning/sophamtningsschema.html
rattvik-7,Rättvik,7,Onsdag,Udda,"Sjurberg, Vikarbystrand, Stumsnäs, Ickholmen, Vikarbyn söder om RV 70",Sjurberg,60.9022682,15.0674079,,https://www.dalavattenavfall.se/avfall-och-atervinning/sophamtningsschema.html
rattvik-8,Rättvik,8,Torsdag,Udda,"Faluvägen, Siljansvägen, Östlundsväg, Slöjdvägen, Gärdebyn, Gärdebygatan, Wallenkampfsväg, Lerdal, Vålsveden, Persslogsväg",Faluvägen,60.8576628,15.1076096,,https://www.dalavattenavfall.se/avfall-och-atervinning/sophamtningsschema.html
vansbro-1,Vansbro,1,Måndag,Jämna,Dala-Järna,Dala-Järna,60.5480476,14.3679875,,https://www.dalavattenavfall.se/avfall-och-atervinning/sophamtningsschema.html
vansbro-2,Vansbro,2,Tisdag,Jämna,"Vansbro C, Söderåsen, Källbacken",Vansbro C,60.5102674,14.2255613,datum_avviker_från_angiven_veckodag,https://www.dalavattenavfall.se/avfall-och-atervinning/sophamtningsschema.html
vansbro-3,Vansbro,3,Torsdag,Jämna,"Skamhed, Saltvik, Dalasågen Nordanåker, Hulån, Duvnäs, Skålö, Ilbäcken",Skamhed,60.5205474,14.2815562,,https://www.dalavattenavfall.se/avfall-och-atervinning/sophamtningsschema.html
vansbro-4,Vansbro,4,Torsdag,Udda,"Snöån, Strömsheden, Nås",Snöån,60.5302856,14.4469395,,https://www.dalavattenavfall.se/avfall-och-atervinning/sophamtningsschema.html
vansbro-5,Vansbro,5,Fredag,Jämna,"Malmsta, Storbyn, Närsjö, Orsala, Lindesnäs, Närsen, Sågen, Kroktorp, Örskogen, Eldforsen, Heden",Malmsta,60.4745489,14.4676844,,https://www.dalavattenavfall.se/avfall-och-atervinning/sophamtningsschema.html
vansbro-6,Vansbro,6,Måndag,Udda,Äppelbo,Äppelbo,60.4858844,14.0138529,,https://www.dalavattenavfall.se/avfall-och-atervinning/sophamtningsschema.html
vansbro-7,Vansbro,7,Onsdag,Udda,"Grönalid, Bomled, Rutån, Skiffsforsen, Sandbäcken, Uppsälje, Strandvägen, Västgård, Grånäs, Snöborg, Högosta",Grönalid,60.5038009,14.2341171,,https://www.dalavattenavfall.se/avfall-och-atervinning/sophamtningsschema.html
