aktor_id,aktor,kandidatstatus,aktorstyp,geografisk_niva,radighetsniva,radighetsstatus,rader_i_kalldata,fysiska_noder,observerade_tjanster,mojlig_roll_i_fas1,formellt_ansvar,kallreferens,kallstatus,kontaktstatus,databehov,nasta_steg
A-PKT-BRING,Bring,Observerad i källdata; kandidat till datadialog,Paket-/serviceaktör i källdata,"Nod, kommun och län",Potentiellt direkt operativ,Kandidat – behöver verifieras per aktör och plats,83,81,Ombud; Paketbox/skåp,"Verifiera nät, förändringar, volymer, leveransfrekvens och beslutskriterier",Ej kartlagt; förekomst i källdata visar inte formellt ansvar,"Servicepunkter_2026_Dalarna.xlsx, blad sp2026",Aktörsförekomst och tjänster belagda; mandat och ansvar ej verifierade,Ej kontaktad,Historik per plats; hotade noder; faktisk volym eller zon; kontaktperson,"Verifiera kontaktperson, mandat, datadelning och vilka beslut aktören kan påverka"
A-PKT-BUSSGODS,Bussgods,Observerad i källdata; kandidat till datadialog,Paket-/serviceaktör i källdata,"Nod, kommun och län",Potentiellt direkt operativ,Kandidat – behöver verifieras per aktör och plats,6,6,Ombud,"Verifiera nät, förändringar, volymer, leveransfrekvens och beslutskriterier",Ej kartlagt; förekomst i källdata visar inte formellt ansvar,"Servicepunkter_2026_Dalarna.xlsx, blad sp2026",Aktörsförekomst och tjänster belagda; mandat och ansvar ej verifierade,Ej kontaktad,Historik per plats; hotade noder; faktisk volym eller zon; kontaktperson,"Verifiera kontaktperson, mandat, datadelning och vilka beslut aktören kan påverka"
A-PKT-DHL,DHL,Observerad i källdata; kandidat till datadialog,Paket-/serviceaktör i källdata,"Nod, kommun och län",Potentiellt direkt operativ,Kandidat – behöver verifieras per aktör och plats,77,76,Egen regi; Ombud; Paketbox/skåp,"Verifiera nät, förändringar, volymer, leveransfrekvens och beslutskriterier",Ej kartlagt; förekomst i källdata visar inte formellt ansvar,"Servicepunkter_2026_Dalarna.xlsx, blad sp2026",Aktörsförekomst och tjänster belagda; mandat och ansvar ej verifierade,Ej kontaktad,Historik per plats; hotade noder; faktisk volym eller zon; kontaktperson,"Verifiera kontaktperson, mandat, datadelning och vilka beslut aktören kan påverka"
A-PKT-IBOXEN,Iboxen,Observerad i källdata; kandidat till datadialog,Paket-/serviceaktör i källdata,"Nod, kommun och län",Potentiellt direkt operativ,Kandidat – behöver verifieras per aktör och plats,8,8,Paketbox/skåp,"Verifiera nät, förändringar, volymer, leveransfrekvens och beslutskriterier",Ej kartlagt; förekomst i källdata visar inte formellt ansvar,"Servicepunkter_2026_Dalarna.xlsx, blad sp2026",Aktörsförekomst och tjänster belagda; mandat och ansvar ej verifierade,Ej kontaktad,Historik per plats; hotade noder; faktisk volym eller zon; kontaktperson,"Verifiera kontaktperson, mandat, datadelning och vilka beslut aktören kan påverka"
A-PKT-INSTABEE,Instabee,Observerad i källdata; kandidat till datadialog,Paket-/serviceaktör i källdata,"Nod, kommun och län",Potentiellt direkt operativ,Kandidat – behöver verifieras per aktör och plats,98,98,Paketbox/skåp,"Verifiera nät, förändringar, volymer, leveransfrekvens och beslutskriterier",Ej kartlagt; förekomst i källdata visar inte formellt ansvar,"Servicepunkter_2026_Dalarna.xlsx, blad sp2026",Aktörsförekomst och tjänster belagda; mandat och ansvar ej verifierade,Ej kontaktad,Historik per plats; hotade noder; faktisk volym eller zon; kontaktperson,"Verifiera kontaktperson, mandat, datadelning och vilka beslut aktören kan påverka"
A-PKT-POSTNORD,PostNord,Observerad i källdata; kandidat till datadialog,Paket-/serviceaktör i källdata,"Nod, kommun och län",Potentiellt direkt operativ,Kandidat – behöver verifieras per aktör och plats,123,112,Egen regi; Ombud; Paketbox/skåp; Utlämning,"Verifiera nät, förändringar, volymer, leveransfrekvens och beslutskriterier",Ej kartlagt; förekomst i källdata visar inte formellt ansvar,"Servicepunkter_2026_Dalarna.xlsx, blad sp2026",Aktörsförekomst och tjänster belagda; mandat och ansvar ej verifierade,Ej kontaktad,Historik per plats; hotade noder; faktisk volym eller zon; kontaktperson,"Verifiera kontaktperson, mandat, datadelning och vilka beslut aktören kan påverka"
A-PKT-SCHENKER,Schenker,Observerad i källdata; kandidat till datadialog,Paket-/serviceaktör i källdata,"Nod, kommun och län",Potentiellt direkt operativ,Kandidat – behöver verifieras per aktör och plats,70,70,Ombud,"Verifiera nät, förändringar, volymer, leveransfrekvens och beslutskriterier",Ej kartlagt; förekomst i källdata visar inte formellt ansvar,"Servicepunkter_2026_Dalarna.xlsx, blad sp2026",Aktörsförekomst och tjänster belagda; mandat och ansvar ej verifierade,Ej kontaktad,Historik per plats; hotade noder; faktisk volym eller zon; kontaktperson,"Verifiera kontaktperson, mandat, datadelning och vilka beslut aktören kan påverka"
A-PKT-TVV,TVV,Observerad i källdata; kandidat till datadialog,Paket-/serviceaktör i källdata,"Nod, kommun och län",Potentiellt direkt operativ,Kandidat – behöver verifieras per aktör och plats,13,13,Butik (stöd),"Verifiera nät, förändringar, volymer, leveransfrekvens och beslutskriterier",Ej kartlagt; förekomst i källdata visar inte formellt ansvar,"Servicepunkter_2026_Dalarna.xlsx, blad sp2026",Aktörsförekomst och tjänster belagda; mandat och ansvar ej verifierade,Ej kontaktad,Historik per plats; hotade noder; faktisk volym eller zon; kontaktperson,"Verifiera kontaktperson, mandat, datadelning och vilka beslut aktören kan påverka"
A-PKT-UPS,UPS,Observerad i källdata; kandidat till datadialog,Paket-/serviceaktör i källdata,"Nod, kommun och län",Potentiellt direkt operativ,Kandidat – behöver verifieras per aktör och plats,9,9,Ombud,"Verifiera nät, förändringar, volymer, leveransfrekvens och beslutskriterier",Ej kartlagt; förekomst i källdata visar inte formellt ansvar,"Servicepunkter_2026_Dalarna.xlsx, blad sp2026",Aktörsförekomst och tjänster belagda; mandat och ansvar ej verifierade,Ej kontaktad,Historik per plats; hotade noder; faktisk volym eller zon; kontaktperson,"Verifiera kontaktperson, mandat, datadelning och vilka beslut aktören kan påverka"
A-KAND-001,Region Dalarna,Omnämnd i projektunderlag; kandidat till verifiering,Regional offentlig aktör,Län,Potentiellt regionalt strategisk och samordnande,Ej verifierad i projektet,0,0,,"RUS, regional analys, kommersiell service och samordning",Ej fastställt; kandidatrollen visar inte formellt ansvar,Uppdragsbeskrivning 2026-03-26,Beställarroll belagd; specifikt mandat och operativ rådighet ej verifierade,Ej kontaktad,Ansvarig funktion; regionala underlag; beslut och program,"Bekräfta ansvarig funktion, mandat och beslutspunkter"
A-KAND-002,Dalarnas kommuner,Omnämnd i projektunderlag; kandidat till verifiering,Lokala offentliga aktörer,Kommun och lokal plats,Potentiellt lokalt samordnande och beställande,Ej verifierad i projektet,0,0,,"Verifiera lokala händelser, konsekvenser och servicebehov",Ej fastställt; kandidatrollen visar inte formellt ansvar,Uppstart 2026-07-03; databehovsrapport,Aktörsgrupp omnämnd; mandat och ansvar behöver verifieras per kommun,Ej kontaktad,Kontaktperson; händelsehistorik; lokala planer och fall,Identifiera kontakt och rådighet i varje berörd kommun
A-KAND-003,Post- och telestyrelsen (PTS),Omnämnd i projektunderlag; kandidat till verifiering,Statlig myndighet,Nationell och regional data,"Potentiellt regel-, tillsyns- och kunskapsstöd",Ej verifierad i projektet,0,0,,"Nationella marknadsunderlag, tillsyn och geografiska klagomålsdata",Ej fastställt; kandidatrollen visar inte formellt ansvar,Uppstart 2026-07-03; databehovsrapport,Databehov omnämnt; roll i projektet ej verifierad,Ej kontaktad,Tillgängliga geografiska data; rapporter; kontaktväg,"Verifiera tillgängliga data, kontaktväg och avgränsning"
A-KAND-004,Dalatrafik,Omnämnd i projektunderlag; kandidat till verifiering,Regional kollektivtrafikaktör,"Län, stråk och hållplats",Potentiellt operativt och samordnande transportflöde,Ej verifierad i projektet,0,0,,"Underlag om linjer, hållplatser, depåer och vändpunkter",Ej fastställt; kandidatrollen visar inte formellt ansvar,Uppstart 2026-07-03; databehovsrapport,Samordningskandidat omnämnd; faktisk rådighet ej verifierad,Ej kontaktad,Linjenät; turtäthet; depåer; möjliga samordningsbegränsningar,"Verifiera dataägare, kontakt och realistiska samordningsytor"
A-KAND-005,Servicepunktsvärdar och lokala handlare,Omnämnd i projektunderlag; kandidat till verifiering,Lokala operativa kandidater,Adress-/servicenod och lokalt omland,Potentiellt lokalt operativ,Ej verifierad i projektet,0,0,,"Verifiera nodens funktion, kapacitet, villkor och lokal betydelse",Ej fastställt; kandidatrollen visar inte formellt ansvar,Servicepunkter 2026; databehovsrapport,Lokala noder observerade; respektive värds mandat ej verifierat,Ej kontaktad,Kontakt; avtalspart; kapacitet; öppettider; historik; lokala konsekvenser,Identifiera och intervjua värdar i prioriterade platsfall
A-KAND-006,Berörda kommunala transportverksamheter,Omnämnd i projektunderlag; kandidat till verifiering,Kommunala flödesaktörer,"Kommun, rutt och lokalt upptagningsområde",Potentiellt beställande eller operativt transportflöde,Ej verifierad i projektet,0,0,,"Pröva samband med hemtjänst, matdistribution och skolskjuts",Ej fastställt; kandidatrollen visar inte formellt ansvar,Uppstart 2026-07-03; databehovsrapport,Flöden omnämnda; ansvariga enheter och rådighet ej identifierade,Ej kontaktad,Aggregerade rutter; volymer; tidfönster; sekretess- och verksamhetskrav,Avgränsa verksamheter och verifiera data- och samordningsmöjlighet
A-KAND-007,Maserfrakt och andra fraktaktörer,Omnämnd i projektunderlag; kandidat till verifiering,Kommersiella logistikaktörer,"Terminal, stråk och distributionsområde",Potentiellt direkt operativt logistikflöde,Ej verifierad i projektet,0,0,,"Underlag om terminaler, huvudstråk och distributionsmönster",Ej fastställt; kandidatrollen visar inte formellt ansvar,Uppstart 2026-07-03; databehovsrapport,Samordningskandidat omnämnd; deltagande och rådighet ej verifierade,Ej kontaktad,Kontakt; terminaler; stråk; kapacitet; kommersiella begränsningar,"Verifiera relevanta bolag, kontakt och möjligt dataunderlag"
A-KAND-008,Fredriksbergstvätten,Omnämnd i projektunderlag; kandidat till verifiering,Tvätt- och distributionsflöde,Rutt och distributionsområde,Potentiellt operativt samordningsflöde,Ej verifierad i projektet,0,0,,Pröva geografisk och tidsmässig samordning med paketflöden,Ej fastställt; kandidatrollen visar inte formellt ansvar,Uppstart 2026-07-03; databehovsrapport,Samordningskandidat omnämnd; organisation och rådighet ej verifierade,Ej kontaktad,Dataägare; rutter; volymer; tidfönster; kapacitets- och avtalsvillkor,"Verifiera juridisk aktör, kontakt, data och samordningsbarhet"
A-KAND-009,Boende och lokala företag,Omnämnd i projektunderlag; kandidat till verifiering,Behovs- och kunskapsaktörer,Plats och lokalt omland,"Behovs- och kunskapsinflytande, inte antagen beslutanderådighet",Ej verifierad i projektet,0,0,,"Beskriva konsekvenser, acceptabel tillgänglighet och lokala värden",Ej fastställt; kandidatrollen visar inte formellt ansvar,Databehovsrapport,Intervjugrupp omnämnd; representation och urval ej fastställda,Ej kontaktad,Intervjuer; resmönster; företagsbehov; social funktion; säsongsvariation,Ta fram transparent urval och intervjuguide för prioriterade platsfall
