"Region","Alder","Kon","000007Y7 2024"
"2021A0010_DeSO2025","totalt","1+2",1402
"2021A0010_DeSO2025","65-69","1+2",87
"2021A0010_DeSO2025","70-74","1+2",93
"2021A0010_DeSO2025","75-79","1+2",97
"2021A0010_DeSO2025","80-","1+2",114
"2021A0020_DeSO2025","totalt","1+2",999
"2021A0020_DeSO2025","65-69","1+2",88
"2021A0020_DeSO2025","70-74","1+2",88
"2021A0020_DeSO2025","75-79","1+2",64
"2021A0020_DeSO2025","80-","1+2",91
"2021B2010_DeSO2025","totalt","1+2",2093
"2021B2010_DeSO2025","65-69","1+2",148
"2021B2010_DeSO2025","70-74","1+2",114
"2021B2010_DeSO2025","75-79","1+2",131
"2021B2010_DeSO2025","80-","1+2",187
"2021C1010_DeSO2025","totalt","1+2",2258
"2021C1010_DeSO2025","65-69","1+2",99
"2021C1010_DeSO2025","70-74","1+2",126
"2021C1010_DeSO2025","75-79","1+2",145
"2021C1010_DeSO2025","80-","1+2",201
"2023A0010_DeSO2025","totalt","1+2",1569
"2023A0010_DeSO2025","65-69","1+2",153
"2023A0010_DeSO2025","70-74","1+2",134
"2023A0010_DeSO2025","75-79","1+2",140
"2023A0010_DeSO2025","80-","1+2",134
"2023A0020_DeSO2025","totalt","1+2",1562
"2023A0020_DeSO2025","65-69","1+2",121
"2023A0020_DeSO2025","70-74","1+2",103
"2023A0020_DeSO2025","75-79","1+2",94
"2023A0020_DeSO2025","80-","1+2",144
"2023A0030_DeSO2025","totalt","1+2",2191
"2023A0030_DeSO2025","65-69","1+2",112
"2023A0030_DeSO2025","70-74","1+2",99
"2023A0030_DeSO2025","75-79","1+2",84
"2023A0030_DeSO2025","80-","1+2",96
"2023C1010_DeSO2025","totalt","1+2",1592
"2023C1010_DeSO2025","65-69","1+2",88
"2023C1010_DeSO2025","70-74","1+2",102
"2023C1010_DeSO2025","75-79","1+2",128
"2023C1010_DeSO2025","80-","1+2",195
"2023C1020_DeSO2025","totalt","1+2",1343
"2023C1020_DeSO2025","65-69","1+2",89
"2023C1020_DeSO2025","70-74","1+2",89
"2023C1020_DeSO2025","75-79","1+2",95
"2023C1020_DeSO2025","80-","1+2",92
"2023C1030_DeSO2025","totalt","1+2",1997
"2023C1030_DeSO2025","65-69","1+2",110
"2023C1030_DeSO2025","70-74","1+2",126
"2023C1030_DeSO2025","75-79","1+2",119
"2023C1030_DeSO2025","80-","1+2",185
"2026A0010_DeSO2025","totalt","1+2",1703
"2026A0010_DeSO2025","65-69","1+2",114
"2026A0010_DeSO2025","70-74","1+2",126
"2026A0010_DeSO2025","75-79","1+2",139
"2026A0010_DeSO2025","80-","1+2",163
"2026A0020_DeSO2025","totalt","1+2",1778
"2026A0020_DeSO2025","65-69","1+2",119
"2026A0020_DeSO2025","70-74","1+2",127
"2026A0020_DeSO2025","75-79","1+2",88
"2026A0020_DeSO2025","80-","1+2",93
"2026B2010_DeSO2025","totalt","1+2",2016
"2026B2010_DeSO2025","65-69","1+2",118
"2026B2010_DeSO2025","70-74","1+2",122
"2026B2010_DeSO2025","75-79","1+2",122
"2026B2010_DeSO2025","80-","1+2",138
"2026B3010_DeSO2025","totalt","1+2",1485
"2026B3010_DeSO2025","65-69","1+2",112
"2026B3010_DeSO2025","70-74","1+2",101
"2026B3010_DeSO2025","75-79","1+2",78
"2026B3010_DeSO2025","80-","1+2",104
"2026C1010_DeSO2025","totalt","1+2",1877
"2026C1010_DeSO2025","65-69","1+2",110
"2026C1010_DeSO2025","70-74","1+2",98
"2026C1010_DeSO2025","75-79","1+2",92
"2026C1010_DeSO2025","80-","1+2",103
"2026C1020_DeSO2025","totalt","1+2",1525
"2026C1020_DeSO2025","65-69","1+2",90
"2026C1020_DeSO2025","70-74","1+2",100
"2026C1020_DeSO2025","75-79","1+2",131
"2026C1020_DeSO2025","80-","1+2",171
"2029A0010_DeSO2025","totalt","1+2",1482
"2029A0010_DeSO2025","65-69","1+2",126
"2029A0010_DeSO2025","70-74","1+2",140
"2029A0010_DeSO2025","75-79","1+2",129
"2029A0010_DeSO2025","80-","1+2",144
"2029A0020_DeSO2025","totalt","1+2",1631
"2029A0020_DeSO2025","65-69","1+2",136
"2029A0020_DeSO2025","70-74","1+2",121
"2029A0020_DeSO2025","75-79","1+2",133
"2029A0020_DeSO2025","80-","1+2",125
"2029B2010_DeSO2025","totalt","1+2",1631
"2029B2010_DeSO2025","65-69","1+2",136
"2029B2010_DeSO2025","70-74","1+2",93
"2029B2010_DeSO2025","75-79","1+2",152
"2029B2010_DeSO2025","80-","1+2",189
"2029C1010_DeSO2025","totalt","1+2",1110
"2029C1010_DeSO2025","65-69","1+2",49
"2029C1010_DeSO2025","70-74","1+2",51
"2029C1010_DeSO2025","75-79","1+2",51
"2029C1010_DeSO2025","80-","1+2",77
"2029C1020_DeSO2025","totalt","1+2",1134
"2029C1020_DeSO2025","65-69","1+2",69
"2029C1020_DeSO2025","70-74","1+2",60
"2029C1020_DeSO2025","75-79","1+2",73
"2029C1020_DeSO2025","80-","1+2",83
"2029C1030_DeSO2025","totalt","1+2",954
"2029C1030_DeSO2025","65-69","1+2",73
"2029C1030_DeSO2025","70-74","1+2",60
"2029C1030_DeSO2025","75-79","1+2",60
"2029C1030_DeSO2025","80-","1+2",63
"2029C1040_DeSO2025","totalt","1+2",2671
"2029C1040_DeSO2025","65-69","1+2",162
"2029C1040_DeSO2025","70-74","1+2",198
"2029C1040_DeSO2025","75-79","1+2",198
"2029C1040_DeSO2025","80-","1+2",197
"2029C1050_DeSO2025","totalt","1+2",2519
"2029C1050_DeSO2025","65-69","1+2",135
"2029C1050_DeSO2025","70-74","1+2",162
"2029C1050_DeSO2025","75-79","1+2",223
"2029C1050_DeSO2025","80-","1+2",365
"2029C1060_DeSO2025","totalt","1+2",1706
"2029C1060_DeSO2025","65-69","1+2",87
"2029C1060_DeSO2025","70-74","1+2",94
"2029C1060_DeSO2025","75-79","1+2",81
"2029C1060_DeSO2025","80-","1+2",93
"2029C1070_DeSO2025","totalt","1+2",1299
"2029C1070_DeSO2025","65-69","1+2",125
"2029C1070_DeSO2025","70-74","1+2",100
"2029C1070_DeSO2025","75-79","1+2",117
"2029C1070_DeSO2025","80-","1+2",138
"2031A0010_DeSO2025","totalt","1+2",2659
"2031A0010_DeSO2025","65-69","1+2",206
"2031A0010_DeSO2025","70-74","1+2",195
"2031A0010_DeSO2025","75-79","1+2",228
"2031A0010_DeSO2025","80-","1+2",248
"2031A0020_DeSO2025","totalt","1+2",1077
"2031A0020_DeSO2025","65-69","1+2",83
"2031A0020_DeSO2025","70-74","1+2",104
"2031A0020_DeSO2025","75-79","1+2",81
"2031A0020_DeSO2025","80-","1+2",118
"2031C1010_DeSO2025","totalt","1+2",2207
"2031C1010_DeSO2025","65-69","1+2",199
"2031C1010_DeSO2025","70-74","1+2",176
"2031C1010_DeSO2025","75-79","1+2",181
"2031C1010_DeSO2025","80-","1+2",159
"2031C1020_DeSO2025","totalt","1+2",1896
"2031C1020_DeSO2025","65-69","1+2",114
"2031C1020_DeSO2025","70-74","1+2",170
"2031C1020_DeSO2025","75-79","1+2",189
"2031C1020_DeSO2025","80-","1+2",302
"2031C1030_DeSO2025","totalt","1+2",1820
"2031C1030_DeSO2025","65-69","1+2",117
"2031C1030_DeSO2025","70-74","1+2",114
"2031C1030_DeSO2025","75-79","1+2",130
"2031C1030_DeSO2025","80-","1+2",212
"2031C1040_DeSO2025","totalt","1+2",1339
"2031C1040_DeSO2025","65-69","1+2",84
"2031C1040_DeSO2025","70-74","1+2",108
"2031C1040_DeSO2025","75-79","1+2",113
"2031C1040_DeSO2025","80-","1+2",135
"2034A0010_DeSO2025","totalt","1+2",1280
"2034A0010_DeSO2025","65-69","1+2",111
"2034A0010_DeSO2025","70-74","1+2",100
"2034A0010_DeSO2025","75-79","1+2",87
"2034A0010_DeSO2025","80-","1+2",96
"2034C1010_DeSO2025","totalt","1+2",1321
"2034C1010_DeSO2025","65-69","1+2",98
"2034C1010_DeSO2025","70-74","1+2",90
"2034C1010_DeSO2025","75-79","1+2",106
"2034C1010_DeSO2025","80-","1+2",97
"2034C1020_DeSO2025","totalt","1+2",1670
"2034C1020_DeSO2025","65-69","1+2",114
"2034C1020_DeSO2025","70-74","1+2",103
"2034C1020_DeSO2025","75-79","1+2",101
"2034C1020_DeSO2025","80-","1+2",191
"2034C1030_DeSO2025","totalt","1+2",1776
"2034C1030_DeSO2025","65-69","1+2",107
"2034C1030_DeSO2025","70-74","1+2",108
"2034C1030_DeSO2025","75-79","1+2",101
"2034C1030_DeSO2025","80-","1+2",150
"2034C1040_DeSO2025","totalt","1+2",804
"2034C1040_DeSO2025","65-69","1+2",61
"2034C1040_DeSO2025","70-74","1+2",54
"2034C1040_DeSO2025","75-79","1+2",46
"2034C1040_DeSO2025","80-","1+2",49
"2039A0010_DeSO2025","totalt","1+2",1895
"2039A0010_DeSO2025","65-69","1+2",139
"2039A0010_DeSO2025","70-74","1+2",152
"2039A0010_DeSO2025","75-79","1+2",143
"2039A0010_DeSO2025","80-","1+2",197
"2039A0020_DeSO2025","totalt","1+2",905
"2039A0020_DeSO2025","65-69","1+2",77
"2039A0020_DeSO2025","70-74","1+2",61
"2039A0020_DeSO2025","75-79","1+2",72
"2039A0020_DeSO2025","80-","1+2",100
"2039A0030_DeSO2025","totalt","1+2",1142
"2039A0030_DeSO2025","65-69","1+2",88
"2039A0030_DeSO2025","70-74","1+2",75
"2039A0030_DeSO2025","75-79","1+2",72
"2039A0030_DeSO2025","80-","1+2",93
"2039C1010_DeSO2025","totalt","1+2",2243
"2039C1010_DeSO2025","65-69","1+2",145
"2039C1010_DeSO2025","70-74","1+2",133
"2039C1010_DeSO2025","75-79","1+2",138
"2039C1010_DeSO2025","80-","1+2",185
"2039C1020_DeSO2025","totalt","1+2",697
"2039C1020_DeSO2025","65-69","1+2",35
"2039C1020_DeSO2025","70-74","1+2",41
"2039C1020_DeSO2025","75-79","1+2",56
"2039C1020_DeSO2025","80-","1+2",57
"2061A0010_DeSO2025","totalt","1+2",1612
"2061A0010_DeSO2025","65-69","1+2",131
"2061A0010_DeSO2025","70-74","1+2",140
"2061A0010_DeSO2025","75-79","1+2",108
"2061A0010_DeSO2025","80-","1+2",101
"2061A0020_DeSO2025","totalt","1+2",1582
"2061A0020_DeSO2025","65-69","1+2",114
"2061A0020_DeSO2025","70-74","1+2",116
"2061A0020_DeSO2025","75-79","1+2",112
"2061A0020_DeSO2025","80-","1+2",81
"2061A0030_DeSO2025","totalt","1+2",950
"2061A0030_DeSO2025","65-69","1+2",80
"2061A0030_DeSO2025","70-74","1+2",92
"2061A0030_DeSO2025","75-79","1+2",59
"2061A0030_DeSO2025","80-","1+2",35
"2061B2010_DeSO2025","totalt","1+2",1096
"2061B2010_DeSO2025","65-69","1+2",80
"2061B2010_DeSO2025","70-74","1+2",82
"2061B2010_DeSO2025","75-79","1+2",88
"2061B2010_DeSO2025","80-","1+2",135
"2061C1010_DeSO2025","totalt","1+2",1494
"2061C1010_DeSO2025","65-69","1+2",93
"2061C1010_DeSO2025","70-74","1+2",86
"2061C1010_DeSO2025","75-79","1+2",90
"2061C1010_DeSO2025","80-","1+2",119
"2061C1020_DeSO2025","totalt","1+2",1383
"2061C1020_DeSO2025","65-69","1+2",87
"2061C1020_DeSO2025","70-74","1+2",53
"2061C1020_DeSO2025","75-79","1+2",110
"2061C1020_DeSO2025","80-","1+2",196
"2061C1030_DeSO2025","totalt","1+2",1098
"2061C1030_DeSO2025","65-69","1+2",88
"2061C1030_DeSO2025","70-74","1+2",82
"2061C1030_DeSO2025","75-79","1+2",82
"2061C1030_DeSO2025","80-","1+2",83
"2061C1040_DeSO2025","totalt","1+2",1608
"2061C1040_DeSO2025","65-69","1+2",141
"2061C1040_DeSO2025","70-74","1+2",130
"2061C1040_DeSO2025","75-79","1+2",117
"2061C1040_DeSO2025","80-","1+2",145
"2062A0010_DeSO2025","totalt","1+2",1694
"2062A0010_DeSO2025","65-69","1+2",134
"2062A0010_DeSO2025","70-74","1+2",135
"2062A0010_DeSO2025","75-79","1+2",152
"2062A0010_DeSO2025","80-","1+2",163
"2062A0020_DeSO2025","totalt","1+2",972
"2062A0020_DeSO2025","65-69","1+2",69
"2062A0020_DeSO2025","70-74","1+2",71
"2062A0020_DeSO2025","75-79","1+2",71
"2062A0020_DeSO2025","80-","1+2",86
"2062A0030_DeSO2025","totalt","1+2",1951
"2062A0030_DeSO2025","65-69","1+2",161
"2062A0030_DeSO2025","70-74","1+2",163
"2062A0030_DeSO2025","75-79","1+2",155
"2062A0030_DeSO2025","80-","1+2",195
"2062B2010_DeSO2025","totalt","1+2",1305
"2062B2010_DeSO2025","65-69","1+2",87
"2062B2010_DeSO2025","70-74","1+2",79
"2062B2010_DeSO2025","75-79","1+2",82
"2062B2010_DeSO2025","80-","1+2",101
"2062C1010_DeSO2025","totalt","1+2",1763
"2062C1010_DeSO2025","65-69","1+2",142
"2062C1010_DeSO2025","70-74","1+2",132
"2062C1010_DeSO2025","75-79","1+2",115
"2062C1010_DeSO2025","80-","1+2",140
"2062C1020_DeSO2025","totalt","1+2",2187
"2062C1020_DeSO2025","65-69","1+2",135
"2062C1020_DeSO2025","70-74","1+2",169
"2062C1020_DeSO2025","75-79","1+2",125
"2062C1020_DeSO2025","80-","1+2",116
"2062C1030_DeSO2025","totalt","1+2",1628
"2062C1030_DeSO2025","65-69","1+2",79
"2062C1030_DeSO2025","70-74","1+2",83
"2062C1030_DeSO2025","75-79","1+2",144
"2062C1030_DeSO2025","80-","1+2",211
"2062C1040_DeSO2025","totalt","1+2",1256
"2062C1040_DeSO2025","65-69","1+2",83
"2062C1040_DeSO2025","70-74","1+2",62
"2062C1040_DeSO2025","75-79","1+2",77
"2062C1040_DeSO2025","80-","1+2",109
"2062C1050_DeSO2025","totalt","1+2",2199
"2062C1050_DeSO2025","65-69","1+2",124
"2062C1050_DeSO2025","70-74","1+2",148
"2062C1050_DeSO2025","75-79","1+2",169
"2062C1050_DeSO2025","80-","1+2",244
"2062C1060_DeSO2025","totalt","1+2",1576
"2062C1060_DeSO2025","65-69","1+2",112
"2062C1060_DeSO2025","70-74","1+2",80
"2062C1060_DeSO2025","75-79","1+2",89
"2062C1060_DeSO2025","80-","1+2",131
"2062C1070_DeSO2025","totalt","1+2",1675
"2062C1070_DeSO2025","65-69","1+2",68
"2062C1070_DeSO2025","70-74","1+2",83
"2062C1070_DeSO2025","75-79","1+2",111
"2062C1070_DeSO2025","80-","1+2",98
"2062C1080_DeSO2025","totalt","1+2",2334
"2062C1080_DeSO2025","65-69","1+2",162
"2062C1080_DeSO2025","70-74","1+2",181
"2062C1080_DeSO2025","75-79","1+2",135
"2062C1080_DeSO2025","80-","1+2",140
"2080A0010_DeSO2025","totalt","1+2",1834
"2080A0010_DeSO2025","65-69","1+2",129
"2080A0010_DeSO2025","70-74","1+2",98
"2080A0010_DeSO2025","75-79","1+2",101
"2080A0010_DeSO2025","80-","1+2",88
"2080A0020_DeSO2025","totalt","1+2",2168
"2080A0020_DeSO2025","65-69","1+2",143
"2080A0020_DeSO2025","70-74","1+2",115
"2080A0020_DeSO2025","75-79","1+2",120
"2080A0020_DeSO2025","80-","1+2",98
"2080A0030_DeSO2025","totalt","1+2",1797
"2080A0030_DeSO2025","65-69","1+2",139
"2080A0030_DeSO2025","70-74","1+2",114
"2080A0030_DeSO2025","75-79","1+2",102
"2080A0030_DeSO2025","80-","1+2",109
"2080A0040_DeSO2025","totalt","1+2",1341
"2080A0040_DeSO2025","65-69","1+2",96
"2080A0040_DeSO2025","70-74","1+2",83
"2080A0040_DeSO2025","75-79","1+2",98
"2080A0040_DeSO2025","80-","1+2",90
"2080A0050_DeSO2025","totalt","1+2",1563
"2080A0050_DeSO2025","65-69","1+2",115
"2080A0050_DeSO2025","70-74","1+2",104
"2080A0050_DeSO2025","75-79","1+2",98
"2080A0050_DeSO2025","80-","1+2",111
"2080A0060_DeSO2025","totalt","1+2",1096
"2080A0060_DeSO2025","65-69","1+2",101
"2080A0060_DeSO2025","70-74","1+2",73
"2080A0060_DeSO2025","75-79","1+2",66
"2080A0060_DeSO2025","80-","1+2",88
"2080B2010_DeSO2025","totalt","1+2",1090
"2080B2010_DeSO2025","65-69","1+2",57
"2080B2010_DeSO2025","70-74","1+2",55
"2080B2010_DeSO2025","75-79","1+2",66
"2080B2010_DeSO2025","80-","1+2",105
"2080B2020_DeSO2025","totalt","1+2",952
"2080B2020_DeSO2025","65-69","1+2",56
"2080B2020_DeSO2025","70-74","1+2",64
"2080B2020_DeSO2025","75-79","1+2",79
"2080B2020_DeSO2025","80-","1+2",92
"2080B3010_DeSO2025","totalt","1+2",2020
"2080B3010_DeSO2025","65-69","1+2",122
"2080B3010_DeSO2025","70-74","1+2",133
"2080B3010_DeSO2025","75-79","1+2",147
"2080B3010_DeSO2025","80-","1+2",201
"2080B4010_DeSO2025","totalt","1+2",1891
"2080B4010_DeSO2025","65-69","1+2",118
"2080B4010_DeSO2025","70-74","1+2",131
"2080B4010_DeSO2025","75-79","1+2",116
"2080B4010_DeSO2025","80-","1+2",171
"2080B5010_DeSO2025","totalt","1+2",1907
"2080B5010_DeSO2025","65-69","1+2",109
"2080B5010_DeSO2025","70-74","1+2",116
"2080B5010_DeSO2025","75-79","1+2",102
"2080B5010_DeSO2025","80-","1+2",153
"2080C1010_DeSO2025","totalt","1+2",1387
"2080C1010_DeSO2025","65-69","1+2",56
"2080C1010_DeSO2025","70-74","1+2",55
"2080C1010_DeSO2025","75-79","1+2",68
"2080C1010_DeSO2025","80-","1+2",65
"2080C1020_DeSO2025","totalt","1+2",1478
"2080C1020_DeSO2025","65-69","1+2",90
"2080C1020_DeSO2025","70-74","1+2",91
"2080C1020_DeSO2025","75-79","1+2",70
"2080C1020_DeSO2025","80-","1+2",92
"2080C1030_DeSO2025","totalt","1+2",2908
"2080C1030_DeSO2025","65-69","1+2",48
"2080C1030_DeSO2025","70-74","1+2",67
"2080C1030_DeSO2025","75-79","1+2",65
"2080C1030_DeSO2025","80-","1+2",93
"2080C1040_DeSO2025","totalt","1+2",2552
"2080C1040_DeSO2025","65-69","1+2",147
"2080C1040_DeSO2025","70-74","1+2",154
"2080C1040_DeSO2025","75-79","1+2",146
"2080C1040_DeSO2025","80-","1+2",221
"2080C1050_DeSO2025","totalt","1+2",1275
"2080C1050_DeSO2025","65-69","1+2",79
"2080C1050_DeSO2025","70-74","1+2",61
"2080C1050_DeSO2025","75-79","1+2",66
"2080C1050_DeSO2025","80-","1+2",50
"2080C1060_DeSO2025","totalt","1+2",2071
"2080C1060_DeSO2025","65-69","1+2",140
"2080C1060_DeSO2025","70-74","1+2",122
"2080C1060_DeSO2025","75-79","1+2",112
"2080C1060_DeSO2025","80-","1+2",119
"2080C1070_DeSO2025","totalt","1+2",1789
"2080C1070_DeSO2025","65-69","1+2",80
"2080C1070_DeSO2025","70-74","1+2",72
"2080C1070_DeSO2025","75-79","1+2",98
"2080C1070_DeSO2025","80-","1+2",125
"2080C1080_DeSO2025","totalt","1+2",1778
"2080C1080_DeSO2025","65-69","1+2",108
"2080C1080_DeSO2025","70-74","1+2",85
"2080C1080_DeSO2025","75-79","1+2",87
"2080C1080_DeSO2025","80-","1+2",87
"2080C1090_DeSO2025","totalt","1+2",1607
"2080C1090_DeSO2025","65-69","1+2",85
"2080C1090_DeSO2025","70-74","1+2",82
"2080C1090_DeSO2025","75-79","1+2",69
"2080C1090_DeSO2025","80-","1+2",154
"2080C1100_DeSO2025","totalt","1+2",1658
"2080C1100_DeSO2025","65-69","1+2",93
"2080C1100_DeSO2025","70-74","1+2",91
"2080C1100_DeSO2025","75-79","1+2",68
"2080C1100_DeSO2025","80-","1+2",82
"2080C1110_DeSO2025","totalt","1+2",1588
"2080C1110_DeSO2025","65-69","1+2",66
"2080C1110_DeSO2025","70-74","1+2",71
"2080C1110_DeSO2025","75-79","1+2",70
"2080C1110_DeSO2025","80-","1+2",133
"2080C1120_DeSO2025","totalt","1+2",1608
"2080C1120_DeSO2025","65-69","1+2",117
"2080C1120_DeSO2025","70-74","1+2",111
"2080C1120_DeSO2025","75-79","1+2",121
"2080C1120_DeSO2025","80-","1+2",91
"2080C1130_DeSO2025","totalt","1+2",1655
"2080C1130_DeSO2025","65-69","1+2",108
"2080C1130_DeSO2025","70-74","1+2",123
"2080C1130_DeSO2025","75-79","1+2",143
"2080C1130_DeSO2025","80-","1+2",165
"2080C1140_DeSO2025","totalt","1+2",1369
"2080C1140_DeSO2025","65-69","1+2",80
"2080C1140_DeSO2025","70-74","1+2",112
"2080C1140_DeSO2025","75-79","1+2",114
"2080C1140_DeSO2025","80-","1+2",152
"2080C1150_DeSO2025","totalt","1+2",1079
"2080C1150_DeSO2025","65-69","1+2",55
"2080C1150_DeSO2025","70-74","1+2",71
"2080C1150_DeSO2025","75-79","1+2",75
"2080C1150_DeSO2025","80-","1+2",88
"2080C1160_DeSO2025","totalt","1+2",1149
"2080C1160_DeSO2025","65-69","1+2",60
"2080C1160_DeSO2025","70-74","1+2",91
"2080C1160_DeSO2025","75-79","1+2",66
"2080C1160_DeSO2025","80-","1+2",107
"2080C1170_DeSO2025","totalt","1+2",1180
"2080C1170_DeSO2025","65-69","1+2",65
"2080C1170_DeSO2025","70-74","1+2",99
"2080C1170_DeSO2025","75-79","1+2",79
"2080C1170_DeSO2025","80-","1+2",60
"2080C1180_DeSO2025","totalt","1+2",1454
"2080C1180_DeSO2025","65-69","1+2",81
"2080C1180_DeSO2025","70-74","1+2",84
"2080C1180_DeSO2025","75-79","1+2",82
"2080C1180_DeSO2025","80-","1+2",118
"2080C1190_DeSO2025","totalt","1+2",1622
"2080C1190_DeSO2025","65-69","1+2",82
"2080C1190_DeSO2025","70-74","1+2",98
"2080C1190_DeSO2025","75-79","1+2",90
"2080C1190_DeSO2025","80-","1+2",220
"2080C1200_DeSO2025","totalt","1+2",1450
"2080C1200_DeSO2025","65-69","1+2",84
"2080C1200_DeSO2025","70-74","1+2",79
"2080C1200_DeSO2025","75-79","1+2",90
"2080C1200_DeSO2025","80-","1+2",86
"2080C1210_DeSO2025","totalt","1+2",1739
"2080C1210_DeSO2025","65-69","1+2",69
"2080C1210_DeSO2025","70-74","1+2",92
"2080C1210_DeSO2025","75-79","1+2",100
"2080C1210_DeSO2025","80-","1+2",140
"2080C1220_DeSO2025","totalt","1+2",1390
"2080C1220_DeSO2025","65-69","1+2",76
"2080C1220_DeSO2025","70-74","1+2",93
"2080C1220_DeSO2025","75-79","1+2",85
"2080C1220_DeSO2025","80-","1+2",70
"2080C1230_DeSO2025","totalt","1+2",1178
"2080C1230_DeSO2025","65-69","1+2",52
"2080C1230_DeSO2025","70-74","1+2",58
"2080C1230_DeSO2025","75-79","1+2",71
"2080C1230_DeSO2025","80-","1+2",49
"2080C1240_DeSO2025","totalt","1+2",1888
"2080C1240_DeSO2025","65-69","1+2",81
"2080C1240_DeSO2025","70-74","1+2",58
"2080C1240_DeSO2025","75-79","1+2",53
"2080C1240_DeSO2025","80-","1+2",65
"2080C1250_DeSO2025","totalt","1+2",1011
"2080C1250_DeSO2025","65-69","1+2",56
"2080C1250_DeSO2025","70-74","1+2",49
"2080C1250_DeSO2025","75-79","1+2",50
"2080C1250_DeSO2025","80-","1+2",92
"2080C1260_DeSO2025","totalt","1+2",2423
"2080C1260_DeSO2025","65-69","1+2",142
"2080C1260_DeSO2025","70-74","1+2",110
"2080C1260_DeSO2025","75-79","1+2",95
"2080C1260_DeSO2025","80-","1+2",115
"2081A0010_DeSO2025","totalt","1+2",752
"2081A0010_DeSO2025","65-69","1+2",64
"2081A0010_DeSO2025","70-74","1+2",57
"2081A0010_DeSO2025","75-79","1+2",49
"2081A0010_DeSO2025","80-","1+2",45
"2081A0020_DeSO2025","totalt","1+2",2477
"2081A0020_DeSO2025","65-69","1+2",200
"2081A0020_DeSO2025","70-74","1+2",174
"2081A0020_DeSO2025","75-79","1+2",163
"2081A0020_DeSO2025","80-","1+2",140
"2081A0030_DeSO2025","totalt","1+2",2131
"2081A0030_DeSO2025","65-69","1+2",120
"2081A0030_DeSO2025","70-74","1+2",144
"2081A0030_DeSO2025","75-79","1+2",126
"2081A0030_DeSO2025","80-","1+2",103
"2081B2010_DeSO2025","totalt","1+2",1095
"2081B2010_DeSO2025","65-69","1+2",77
"2081B2010_DeSO2025","70-74","1+2",69
"2081B2010_DeSO2025","75-79","1+2",59
"2081B2010_DeSO2025","80-","1+2",58
"2081C1010_DeSO2025","totalt","1+2",1821
"2081C1010_DeSO2025","65-69","1+2",114
"2081C1010_DeSO2025","70-74","1+2",99
"2081C1010_DeSO2025","75-79","1+2",116
"2081C1010_DeSO2025","80-","1+2",161
"2081C1020_DeSO2025","totalt","1+2",1547
"2081C1020_DeSO2025","65-69","1+2",94
"2081C1020_DeSO2025","70-74","1+2",59
"2081C1020_DeSO2025","75-79","1+2",66
"2081C1020_DeSO2025","80-","1+2",113
"2081C1030_DeSO2025","totalt","1+2",2109
"2081C1030_DeSO2025","65-69","1+2",97
"2081C1030_DeSO2025","70-74","1+2",123
"2081C1030_DeSO2025","75-79","1+2",134
"2081C1030_DeSO2025","80-","1+2",141
"2081C1040_DeSO2025","totalt","1+2",1967
"2081C1040_DeSO2025","65-69","1+2",101
"2081C1040_DeSO2025","70-74","1+2",106
"2081C1040_DeSO2025","75-79","1+2",79
"2081C1040_DeSO2025","80-","1+2",60
"2081C1050_DeSO2025","totalt","1+2",1840
"2081C1050_DeSO2025","65-69","1+2",140
"2081C1050_DeSO2025","70-74","1+2",94
"2081C1050_DeSO2025","75-79","1+2",134
"2081C1050_DeSO2025","80-","1+2",189
"2081C1060_DeSO2025","totalt","1+2",2079
"2081C1060_DeSO2025","65-69","1+2",135
"2081C1060_DeSO2025","70-74","1+2",116
"2081C1060_DeSO2025","75-79","1+2",88
"2081C1060_DeSO2025","80-","1+2",85
"2081C1070_DeSO2025","totalt","1+2",2046
"2081C1070_DeSO2025","65-69","1+2",81
"2081C1070_DeSO2025","70-74","1+2",69
"2081C1070_DeSO2025","75-79","1+2",95
"2081C1070_DeSO2025","80-","1+2",91
"2081C1080_DeSO2025","totalt","1+2",2350
"2081C1080_DeSO2025","65-69","1+2",116
"2081C1080_DeSO2025","70-74","1+2",94
"2081C1080_DeSO2025","75-79","1+2",81
"2081C1080_DeSO2025","80-","1+2",150
"2081C1090_DeSO2025","totalt","1+2",1928
"2081C1090_DeSO2025","65-69","1+2",103
"2081C1090_DeSO2025","70-74","1+2",80
"2081C1090_DeSO2025","75-79","1+2",63
"2081C1090_DeSO2025","80-","1+2",99
"2081C1100_DeSO2025","totalt","1+2",2052
"2081C1100_DeSO2025","65-69","1+2",92
"2081C1100_DeSO2025","70-74","1+2",73
"2081C1100_DeSO2025","75-79","1+2",137
"2081C1100_DeSO2025","80-","1+2",174
"2081C1110_DeSO2025","totalt","1+2",1839
"2081C1110_DeSO2025","65-69","1+2",113
"2081C1110_DeSO2025","70-74","1+2",102
"2081C1110_DeSO2025","75-79","1+2",100
"2081C1110_DeSO2025","80-","1+2",170
"2081C1120_DeSO2025","totalt","1+2",1804
"2081C1120_DeSO2025","65-69","1+2",77
"2081C1120_DeSO2025","70-74","1+2",92
"2081C1120_DeSO2025","75-79","1+2",65
"2081C1120_DeSO2025","80-","1+2",97
"2081C1130_DeSO2025","totalt","1+2",1573
"2081C1130_DeSO2025","65-69","1+2",91
"2081C1130_DeSO2025","70-74","1+2",81
"2081C1130_DeSO2025","75-79","1+2",122
"2081C1130_DeSO2025","80-","1+2",224
"2081C1140_DeSO2025","totalt","1+2",2459
"2081C1140_DeSO2025","65-69","1+2",72
"2081C1140_DeSO2025","70-74","1+2",63
"2081C1140_DeSO2025","75-79","1+2",51
"2081C1140_DeSO2025","80-","1+2",51
"2081C1150_DeSO2025","totalt","1+2",1941
"2081C1150_DeSO2025","65-69","1+2",74
"2081C1150_DeSO2025","70-74","1+2",72
"2081C1150_DeSO2025","75-79","1+2",62
"2081C1150_DeSO2025","80-","1+2",60
"2081C1160_DeSO2025","totalt","1+2",1619
"2081C1160_DeSO2025","65-69","1+2",106
"2081C1160_DeSO2025","70-74","1+2",115
"2081C1160_DeSO2025","75-79","1+2",109
"2081C1160_DeSO2025","80-","1+2",176
"2081C1170_DeSO2025","totalt","1+2",2293
"2081C1170_DeSO2025","65-69","1+2",86
"2081C1170_DeSO2025","70-74","1+2",80
"2081C1170_DeSO2025","75-79","1+2",71
"2081C1170_DeSO2025","80-","1+2",106
"2081C1180_DeSO2025","totalt","1+2",2276
"2081C1180_DeSO2025","65-69","1+2",89
"2081C1180_DeSO2025","70-74","1+2",76
"2081C1180_DeSO2025","75-79","1+2",92
"2081C1180_DeSO2025","80-","1+2",121
"2081C1190_DeSO2025","totalt","1+2",1767
"2081C1190_DeSO2025","65-69","1+2",111
"2081C1190_DeSO2025","70-74","1+2",76
"2081C1190_DeSO2025","75-79","1+2",86
"2081C1190_DeSO2025","80-","1+2",116
"2081C1200_DeSO2025","totalt","1+2",1816
"2081C1200_DeSO2025","65-69","1+2",84
"2081C1200_DeSO2025","70-74","1+2",91
"2081C1200_DeSO2025","75-79","1+2",99
"2081C1200_DeSO2025","80-","1+2",158
"2081C1210_DeSO2025","totalt","1+2",2386
"2081C1210_DeSO2025","65-69","1+2",101
"2081C1210_DeSO2025","70-74","1+2",118
"2081C1210_DeSO2025","75-79","1+2",77
"2081C1210_DeSO2025","80-","1+2",74
"2081C1220_DeSO2025","totalt","1+2",1779
"2081C1220_DeSO2025","65-69","1+2",120
"2081C1220_DeSO2025","70-74","1+2",107
"2081C1220_DeSO2025","75-79","1+2",106
"2081C1220_DeSO2025","80-","1+2",120
"2081C1230_DeSO2025","totalt","1+2",1679
"2081C1230_DeSO2025","65-69","1+2",92
"2081C1230_DeSO2025","70-74","1+2",78
"2081C1230_DeSO2025","75-79","1+2",89
"2081C1230_DeSO2025","80-","1+2",164
"2082A0010_DeSO2025","totalt","1+2",1303
"2082A0010_DeSO2025","65-69","1+2",130
"2082A0010_DeSO2025","70-74","1+2",101
"2082A0010_DeSO2025","75-79","1+2",88
"2082A0010_DeSO2025","80-","1+2",94
"2082A0020_DeSO2025","totalt","1+2",903
"2082A0020_DeSO2025","65-69","1+2",66
"2082A0020_DeSO2025","70-74","1+2",52
"2082A0020_DeSO2025","75-79","1+2",38
"2082A0020_DeSO2025","80-","1+2",62
"2082A0030_DeSO2025","totalt","1+2",2235
"2082A0030_DeSO2025","65-69","1+2",162
"2082A0030_DeSO2025","70-74","1+2",162
"2082A0030_DeSO2025","75-79","1+2",134
"2082A0030_DeSO2025","80-","1+2",167
"2082B2010_DeSO2025","totalt","1+2",868
"2082B2010_DeSO2025","65-69","1+2",46
"2082B2010_DeSO2025","70-74","1+2",48
"2082B2010_DeSO2025","75-79","1+2",34
"2082B2010_DeSO2025","80-","1+2",44
"2082B2020_DeSO2025","totalt","1+2",1104
"2082B2020_DeSO2025","65-69","1+2",54
"2082B2020_DeSO2025","70-74","1+2",73
"2082B2020_DeSO2025","75-79","1+2",75
"2082B2020_DeSO2025","80-","1+2",100
"2082C1010_DeSO2025","totalt","1+2",1816
"2082C1010_DeSO2025","65-69","1+2",121
"2082C1010_DeSO2025","70-74","1+2",107
"2082C1010_DeSO2025","75-79","1+2",144
"2082C1010_DeSO2025","80-","1+2",203
"2082C1020_DeSO2025","totalt","1+2",1322
"2082C1020_DeSO2025","65-69","1+2",76
"2082C1020_DeSO2025","70-74","1+2",105
"2082C1020_DeSO2025","75-79","1+2",108
"2082C1020_DeSO2025","80-","1+2",66
"2082C1030_DeSO2025","totalt","1+2",1672
"2082C1030_DeSO2025","65-69","1+2",96
"2082C1030_DeSO2025","70-74","1+2",101
"2082C1030_DeSO2025","75-79","1+2",106
"2082C1030_DeSO2025","80-","1+2",159
"2083A0010_DeSO2025","totalt","1+2",1067
"2083A0010_DeSO2025","65-69","1+2",85
"2083A0010_DeSO2025","70-74","1+2",67
"2083A0010_DeSO2025","75-79","1+2",64
"2083A0010_DeSO2025","80-","1+2",64
"2083A0020_DeSO2025","totalt","1+2",1106
"2083A0020_DeSO2025","65-69","1+2",92
"2083A0020_DeSO2025","70-74","1+2",80
"2083A0020_DeSO2025","75-79","1+2",75
"2083A0020_DeSO2025","80-","1+2",70
"2083A0030_DeSO2025","totalt","1+2",940
"2083A0030_DeSO2025","65-69","1+2",82
"2083A0030_DeSO2025","70-74","1+2",78
"2083A0030_DeSO2025","75-79","1+2",49
"2083A0030_DeSO2025","80-","1+2",42
"2083A0040_DeSO2025","totalt","1+2",1371
"2083A0040_DeSO2025","65-69","1+2",83
"2083A0040_DeSO2025","70-74","1+2",59
"2083A0040_DeSO2025","75-79","1+2",69
"2083A0040_DeSO2025","80-","1+2",71
"2083A0050_DeSO2025","totalt","1+2",1621
"2083A0050_DeSO2025","65-69","1+2",116
"2083A0050_DeSO2025","70-74","1+2",106
"2083A0050_DeSO2025","75-79","1+2",135
"2083A0050_DeSO2025","80-","1+2",131
"2083B2010_DeSO2025","totalt","1+2",1498
"2083B2010_DeSO2025","65-69","1+2",111
"2083B2010_DeSO2025","70-74","1+2",117
"2083B2010_DeSO2025","75-79","1+2",147
"2083B2010_DeSO2025","80-","1+2",152
"2083C1010_DeSO2025","totalt","1+2",2021
"2083C1010_DeSO2025","65-69","1+2",119
"2083C1010_DeSO2025","70-74","1+2",100
"2083C1010_DeSO2025","75-79","1+2",109
"2083C1010_DeSO2025","80-","1+2",85
"2083C1020_DeSO2025","totalt","1+2",2052
"2083C1020_DeSO2025","65-69","1+2",132
"2083C1020_DeSO2025","70-74","1+2",124
"2083C1020_DeSO2025","75-79","1+2",154
"2083C1020_DeSO2025","80-","1+2",232
"2083C1030_DeSO2025","totalt","1+2",1857
"2083C1030_DeSO2025","65-69","1+2",128
"2083C1030_DeSO2025","70-74","1+2",114
"2083C1030_DeSO2025","75-79","1+2",131
"2083C1030_DeSO2025","80-","1+2",156
"2083C1040_DeSO2025","totalt","1+2",1748
"2083C1040_DeSO2025","65-69","1+2",129
"2083C1040_DeSO2025","70-74","1+2",101
"2083C1040_DeSO2025","75-79","1+2",106
"2083C1040_DeSO2025","80-","1+2",191
"2084A0010_DeSO2025","totalt","1+2",1386
"2084A0010_DeSO2025","65-69","1+2",100
"2084A0010_DeSO2025","70-74","1+2",96
"2084A0010_DeSO2025","75-79","1+2",114
"2084A0010_DeSO2025","80-","1+2",95
"2084A0020_DeSO2025","totalt","1+2",1978
"2084A0020_DeSO2025","65-69","1+2",154
"2084A0020_DeSO2025","70-74","1+2",161
"2084A0020_DeSO2025","75-79","1+2",143
"2084A0020_DeSO2025","80-","1+2",140
"2084A0030_DeSO2025","totalt","1+2",1262
"2084A0030_DeSO2025","65-69","1+2",112
"2084A0030_DeSO2025","70-74","1+2",115
"2084A0030_DeSO2025","75-79","1+2",90
"2084A0030_DeSO2025","80-","1+2",101
"2084B2010_DeSO2025","totalt","1+2",1081
"2084B2010_DeSO2025","65-69","1+2",79
"2084B2010_DeSO2025","70-74","1+2",96
"2084B2010_DeSO2025","75-79","1+2",82
"2084B2010_DeSO2025","80-","1+2",114
"2084C1010_DeSO2025","totalt","1+2",1199
"2084C1010_DeSO2025","65-69","1+2",83
"2084C1010_DeSO2025","70-74","1+2",50
"2084C1010_DeSO2025","75-79","1+2",54
"2084C1010_DeSO2025","80-","1+2",68
"2084C1020_DeSO2025","totalt","1+2",1245
"2084C1020_DeSO2025","65-69","1+2",74
"2084C1020_DeSO2025","70-74","1+2",64
"2084C1020_DeSO2025","75-79","1+2",70
"2084C1020_DeSO2025","80-","1+2",124
"2084C1030_DeSO2025","totalt","1+2",2064
"2084C1030_DeSO2025","65-69","1+2",129
"2084C1030_DeSO2025","70-74","1+2",112
"2084C1030_DeSO2025","75-79","1+2",119
"2084C1030_DeSO2025","80-","1+2",120
"2084C1040_DeSO2025","totalt","1+2",2010
"2084C1040_DeSO2025","65-69","1+2",113
"2084C1040_DeSO2025","70-74","1+2",112
"2084C1040_DeSO2025","75-79","1+2",130
"2084C1040_DeSO2025","80-","1+2",186
"2084C1050_DeSO2025","totalt","1+2",2195
"2084C1050_DeSO2025","65-69","1+2",125
"2084C1050_DeSO2025","70-74","1+2",135
"2084C1050_DeSO2025","75-79","1+2",153
"2084C1050_DeSO2025","80-","1+2",271
"2084C1060_DeSO2025","totalt","1+2",2324
"2084C1060_DeSO2025","65-69","1+2",161
"2084C1060_DeSO2025","70-74","1+2",164
"2084C1060_DeSO2025","75-79","1+2",141
"2084C1060_DeSO2025","80-","1+2",206
"2084C1070_DeSO2025","totalt","1+2",1809
"2084C1070_DeSO2025","65-69","1+2",110
"2084C1070_DeSO2025","70-74","1+2",86
"2084C1070_DeSO2025","75-79","1+2",80
"2084C1070_DeSO2025","80-","1+2",80
"2084C1080_DeSO2025","totalt","1+2",1392
"2084C1080_DeSO2025","65-69","1+2",94
"2084C1080_DeSO2025","70-74","1+2",98
"2084C1080_DeSO2025","75-79","1+2",69
"2084C1080_DeSO2025","80-","1+2",69
"2084C1090_DeSO2025","totalt","1+2",2472
"2084C1090_DeSO2025","65-69","1+2",149
"2084C1090_DeSO2025","70-74","1+2",126
"2084C1090_DeSO2025","75-79","1+2",180
"2084C1090_DeSO2025","80-","1+2",231
"2085A0010_DeSO2025","totalt","1+2",1222
"2085A0010_DeSO2025","65-69","1+2",97
"2085A0010_DeSO2025","70-74","1+2",82
"2085A0010_DeSO2025","75-79","1+2",77
"2085A0010_DeSO2025","80-","1+2",73
"2085A0020_DeSO2025","totalt","1+2",696
"2085A0020_DeSO2025","65-69","1+2",63
"2085A0020_DeSO2025","70-74","1+2",61
"2085A0020_DeSO2025","75-79","1+2",67
"2085A0020_DeSO2025","80-","1+2",63
"2085A0030_DeSO2025","totalt","1+2",1129
"2085A0030_DeSO2025","65-69","1+2",91
"2085A0030_DeSO2025","70-74","1+2",91
"2085A0030_DeSO2025","75-79","1+2",89
"2085A0030_DeSO2025","80-","1+2",68
"2085A0040_DeSO2025","totalt","1+2",2290
"2085A0040_DeSO2025","65-69","1+2",190
"2085A0040_DeSO2025","70-74","1+2",159
"2085A0040_DeSO2025","75-79","1+2",138
"2085A0040_DeSO2025","80-","1+2",141
"2085B2010_DeSO2025","totalt","1+2",1536
"2085B2010_DeSO2025","65-69","1+2",99
"2085B2010_DeSO2025","70-74","1+2",76
"2085B2010_DeSO2025","75-79","1+2",84
"2085B2010_DeSO2025","80-","1+2",153
"2085B2020_DeSO2025","totalt","1+2",1054
"2085B2020_DeSO2025","65-69","1+2",62
"2085B2020_DeSO2025","70-74","1+2",60
"2085B2020_DeSO2025","75-79","1+2",37
"2085B2020_DeSO2025","80-","1+2",36
"2085B2030_DeSO2025","totalt","1+2",816
"2085B2030_DeSO2025","65-69","1+2",49
"2085B2030_DeSO2025","70-74","1+2",46
"2085B2030_DeSO2025","75-79","1+2",63
"2085B2030_DeSO2025","80-","1+2",85
"2085B3010_DeSO2025","totalt","1+2",799
"2085B3010_DeSO2025","65-69","1+2",45
"2085B3010_DeSO2025","70-74","1+2",55
"2085B3010_DeSO2025","75-79","1+2",72
"2085B3010_DeSO2025","80-","1+2",124
"2085B3020_DeSO2025","totalt","1+2",1189
"2085B3020_DeSO2025","65-69","1+2",88
"2085B3020_DeSO2025","70-74","1+2",100
"2085B3020_DeSO2025","75-79","1+2",86
"2085B3020_DeSO2025","80-","1+2",91
"2085C1010_DeSO2025","totalt","1+2",1695
"2085C1010_DeSO2025","65-69","1+2",101
"2085C1010_DeSO2025","70-74","1+2",103
"2085C1010_DeSO2025","75-79","1+2",100
"2085C1010_DeSO2025","80-","1+2",137
"2085C1020_DeSO2025","totalt","1+2",1888
"2085C1020_DeSO2025","65-69","1+2",93
"2085C1020_DeSO2025","70-74","1+2",109
"2085C1020_DeSO2025","75-79","1+2",102
"2085C1020_DeSO2025","80-","1+2",112
"2085C1030_DeSO2025","totalt","1+2",2051
"2085C1030_DeSO2025","65-69","1+2",73
"2085C1030_DeSO2025","70-74","1+2",84
"2085C1030_DeSO2025","75-79","1+2",82
"2085C1030_DeSO2025","80-","1+2",161
"2085C1040_DeSO2025","totalt","1+2",1624
"2085C1040_DeSO2025","65-69","1+2",76
"2085C1040_DeSO2025","70-74","1+2",60
"2085C1040_DeSO2025","75-79","1+2",66
"2085C1040_DeSO2025","80-","1+2",50
"2085C1050_DeSO2025","totalt","1+2",1412
"2085C1050_DeSO2025","65-69","1+2",59
"2085C1050_DeSO2025","70-74","1+2",56
"2085C1050_DeSO2025","75-79","1+2",56
"2085C1050_DeSO2025","80-","1+2",65
"2085C1060_DeSO2025","totalt","1+2",1767
"2085C1060_DeSO2025","65-69","1+2",94
"2085C1060_DeSO2025","70-74","1+2",111
"2085C1060_DeSO2025","75-79","1+2",127
"2085C1060_DeSO2025","80-","1+2",204
"2085C1070_DeSO2025","totalt","1+2",1131
"2085C1070_DeSO2025","65-69","1+2",75
"2085C1070_DeSO2025","70-74","1+2",86
"2085C1070_DeSO2025","75-79","1+2",94
"2085C1070_DeSO2025","80-","1+2",140
"2085C1080_DeSO2025","totalt","1+2",1984
"2085C1080_DeSO2025","65-69","1+2",55
"2085C1080_DeSO2025","70-74","1+2",70
"2085C1080_DeSO2025","75-79","1+2",85
"2085C1080_DeSO2025","80-","1+2",131
"2085C1090_DeSO2025","totalt","1+2",2351
"2085C1090_DeSO2025","65-69","1+2",120
"2085C1090_DeSO2025","70-74","1+2",105
"2085C1090_DeSO2025","75-79","1+2",147
"2085C1090_DeSO2025","80-","1+2",198
